FlightNumber,TurnaroundTime,TaxiTime,GateUtilization
AirNSR1409,57,9,75
AirNSR7912,74,11,81
AirNSR4257,52,16,53
SkyWave7924,44,14,69
AirNSR2519,81,17,54
GlobeAir9785,61,16,80
JetFly4150,54,24,55
SkyWave2654,47,16,50
SkyWave5374,61,20,63
JetFly4598,76,14,85
JetFly2084,64,16,86
SkyWave5339,25,7,55
GlobeAir7543,50,12,89
AirNSR3504,42,18,57
GlobeAir9669,60,13,82
JetFly6573,41,14,80
PacificWings3927,20,14,68
PacificWings4258,60,16,52
AirNSR6310,36,16,70
SkyWave1949,44,10,51
SkyWave3103,70,25,57
SkyWave9835,60,10,65
GlobeAir2982,62,19,63
SkyWave4608,69,28,60
JetFly2160,49,16,51
PacificWings8744,83,22,65
GlobeAir6804,30,14,67
AirNSR7596,82,29,66
SkyWave7912,70,13,87
GlobeAir2604,44,26,73
GlobeAir4502,70,10,77
JetFly8454,56,16,51
SkyWave4111,68,10,81
JetFly1936,50,6,54
AirNSR4044,75,13,66
SkyWave1651,66,22,83
JetFly4346,63,14,80
GlobeAir6180,62,15,75
AirNSR9808,78,16,72
SkyWave7054,51,20,53
PacificWings1128,78,8,81
JetFly2891,82,16,79
SkyWave5325,64,20,72
JetFly1722,51,19,59
SkyWave8239,54,7,72
PacificWings1590,45,17,79
AirNSR6862,45,23,59
GlobeAir3532,77,21,64
SkyWave6442,61,16,54
GlobeAir1634,42,19,74
SkyWave1387,65,17,63
JetFly9346,85,11,57
SkyWave5349,58,16,75
GlobeAir9379,45,14,51
GlobeAir1027,67,13,62
PacificWings6143,79,7,81
GlobeAir5844,76,18,82
SkyWave5930,51,10,54
PacificWings6279,28,11,55
AirNSR5649,75,14,53
SkyWave3414,77,11,70
GlobeAir7790,70,11,78
SkyWave1090,45,14,51
GlobeAir1822,50,7,62
PacificWings6198,57,15,86
GlobeAir8373,79,19,89
GlobeAir4919,78,18,74
JetFly9849,64,8,63
SkyWave2052,62,17,53
SkyWave7883,81,18,77
JetFly5892,78,9,75
GlobeAir4595,55,17,79
SkyWave8657,77,14,51
AirNSR8022,58,18,50
SkyWave8449,43,23,72
JetFly2341,46,5,88
SkyWave2124,60,23,88
SkyWave4908,68,18,67
GlobeAir5198,60,14,75
SkyWave6096,36,5,88
GlobeAir4249,62,21,75
AirNSR1672,65,18,75
AirNSR7882,83,16,88
SkyWave8135,58,10,65
GlobeAir8616,90,17,58
JetFly8385,45,9,65
AirNSR9098,78,9,63
JetFly5581,87,5,79
AirNSR4954,81,17,53
GlobeAir1282,61,14,51
PacificWings7046,88,18,81
JetFly6764,46,6,56
JetFly2958,62,14,70
PacificWings9595,37,14,83
SkyWave5952,51,15,50
JetFly3068,70,22,51
GlobeAir8216,73,11,87
AirNSR2070,65,15,81
SkyWave3444,40,16,54
PacificWings4697,87,15,67
GlobeAir6003,36,15,53
SkyWave5335,41,19,85
AirNSR7693,67,14,76
GlobeAir2166,55,13,62
GlobeAir2880,60,11,65
AirNSR1977,39,20,61
AirNSR8679,54,15,63
AirNSR1653,64,16,69
PacificWings1339,42,6,63
JetFly3973,51,16,51
JetFly7690,49,13,75
GlobeAir9117,91,5,71
JetFly5135,48,24,84
PacificWings8569,59,11,81
GlobeAir1845,77,15,68
GlobeAir2989,54,15,68
PacificWings7684,50,9,84
SkyWave9165,58,9,83
GlobeAir4993,60,16,85
SkyWave2143,72,20,62
JetFly5891,53,17,89
JetFly6446,67,16,60
PacificWings7274,52,9,65
GlobeAir3492,67,6,79
AirNSR8213,55,5,71
GlobeAir3529,39,10,88
AirNSR6383,76,18,50
PacificWings2121,51,18,86
AirNSR8269,73,14,81
JetFly6873,39,13,61
SkyWave3785,58,8,59
GlobeAir3344,65,16,83
GlobeAir5712,66,16,70
JetFly7951,70,14,84
GlobeAir2747,63,13,59
AirNSR7484,51,21,73
JetFly4770,29,19,85
AirNSR1645,50,11,71
AirNSR5835,63,7,67
JetFly9697,47,10,72
JetFly6549,56,10,70
GlobeAir6992,84,23,57
JetFly5295,29,17,63
GlobeAir1410,72,17,89
GlobeAir5951,50,13,57
GlobeAir2902,48,12,86
JetFly9850,41,14,76
PacificWings7686,37,13,51
SkyWave6942,41,16,63
SkyWave3001,49,16,69
AirNSR1828,76,22,83
SkyWave4538,22,10,60
AirNSR5542,55,17,65
AirNSR3159,35,10,77
SkyWave5347,61,15,81
GlobeAir8344,65,17,84
PacificWings1710,65,15,85
GlobeAir7984,60,18,63
JetFly3430,26,22,85
JetFly7240,26,9,81
AirNSR2874,56,18,62
JetFly8430,20,14,75
JetFly7132,71,19,86
GlobeAir2582,49,13,90
PacificWings6400,50,13,62
JetFly6119,44,10,59
SkyWave2773,66,15,65
PacificWings1430,67,16,84
JetFly6751,70,19,51
AirNSR3324,33,10,52
GlobeAir6585,56,14,66
PacificWings2391,49,19,65
JetFly8259,89,15,76
PacificWings2864,61,19,66
GlobeAir9633,32,15,78
AirNSR4349,74,11,73
JetFly2965,41,14,83
PacificWings4770,59,10,69
GlobeAir1307,91,12,76
GlobeAir7843,42,14,76
PacificWings8538,73,15,67
GlobeAir9584,67,10,83
JetFly3754,82,17,77
JetFly6752,75,16,80
PacificWings3504,72,10,67
PacificWings8354,52,21,56
GlobeAir8245,83,9,75
JetFly8565,63,12,64
AirNSR9307,49,16,81
GlobeAir4084,77,17,55
AirNSR6626,55,17,58
GlobeAir9586,54,17,52
GlobeAir6543,80,5,75
PacificWings7333,71,7,64
AirNSR3317,78,11,56
JetFly7171,41,18,79
PacificWings6928,65,10,71
GlobeAir4145,41,14,72
PacificWings9843,41,9,60
SkyWave7172,61,10,86
GlobeAir1715,66,22,78
JetFly8355,57,15,80
JetFly8218,90,9,75
SkyWave4271,77,20,52
JetFly2680,72,21,57
GlobeAir9410,64,12,66
AirNSR7797,76,20,72
JetFly4678,76,15,82
SkyWave3254,49,15,69
GlobeAir8349,74,20,50
SkyWave9991,53,16,82
JetFly2996,40,19,56
GlobeAir9782,48,18,57
GlobeAir1025,42,20,67
PacificWings6908,64,11,66
PacificWings1333,70,12,55
AirNSR6850,71,13,73
SkyWave1726,34,10,78
GlobeAir3986,53,21,61
AirNSR4268,73,23,84
GlobeAir5150,84,12,57
JetFly5476,57,12,69
JetFly4060,49,5,63
GlobeAir2293,59,8,74
JetFly5843,59,25,54
JetFly8325,52,15,54
AirNSR7655,73,16,76
PacificWings8179,64,13,84
JetFly7272,56,10,74
JetFly8273,72,6,57
SkyWave2858,74,7,56
AirNSR5288,74,13,69
SkyWave3009,41,17,74
AirNSR6236,73,12,51
SkyWave3852,70,5,62
SkyWave9094,40,21,74
SkyWave2412,56,5,54
PacificWings2208,49,10,55
JetFly3102,57,13,83
AirNSR9488,62,14,88
JetFly9501,80,17,60
JetFly3050,66,20,75
SkyWave3804,54,8,51
AirNSR1744,78,15,71
PacificWings1496,62,11,71
JetFly8430,50,19,71
SkyWave6573,74,18,90
GlobeAir3142,71,17,67
AirNSR5382,61,14,74
PacificWings7850,78,13,72
SkyWave3610,65,10,66
AirNSR2475,50,13,61
AirNSR1828,47,18,75
AirNSR8060,39,15,82
AirNSR7563,61,5,65
PacificWings8378,53,16,74
SkyWave2584,66,13,82
SkyWave4261,70,14,66
SkyWave6456,60,16,64
SkyWave6373,73,11,81
PacificWings6511,52,11,78
GlobeAir1272,55,22,55
JetFly1436,68,9,67
PacificWings8871,50,16,51
SkyWave4968,46,11,62
SkyWave7765,80,11,68
SkyWave9498,74,21,67
SkyWave8531,48,10,90
PacificWings8932,55,9,70
JetFly4396,61,13,67
JetFly2996,65,21,71
JetFly1689,72,17,86
SkyWave4310,30,17,72
AirNSR4920,85,5,76
AirNSR2641,70,14,77
AirNSR3587,47,19,51
JetFly5676,85,18,50
SkyWave7846,54,10,64
JetFly1613,62,19,50
JetFly8444,54,13,55
JetFly4159,102,20,55
AirNSR6523,77,7,88
GlobeAir9442,49,15,76
GlobeAir6301,44,23,58
JetFly5947,81,12,59
AirNSR8625,86,14,81
AirNSR5833,98,15,59
PacificWings7121,68,21,64
SkyWave2341,79,17,83
AirNSR2011,57,17,74
JetFly9525,47,15,87
AirNSR9361,43,6,80
PacificWings1945,60,21,67
JetFly1049,73,14,58
PacificWings1987,86,12,56
GlobeAir7135,31,5,78
SkyWave6697,42,19,63
AirNSR1372,50,17,74
SkyWave5055,84,9,83
AirNSR7868,67,17,64
AirNSR8314,47,21,84
PacificWings4559,55,13,73
JetFly6253,91,17,53
SkyWave7775,73,21,87
GlobeAir9120,50,21,70
GlobeAir7688,52,12,90
SkyWave4692,55,11,78
GlobeAir7824,72,16,51
JetFly2295,52,18,87
AirNSR5398,55,13,62
PacificWings4555,60,17,66
SkyWave4113,65,13,51
GlobeAir4921,72,13,88
JetFly6053,50,7,86
JetFly4328,74,15,55
SkyWave1265,63,20,76
GlobeAir5026,52,8,73
GlobeAir3756,61,16,52
AirNSR9584,56,22,84
SkyWave4791,22,20,57
AirNSR8916,71,17,54
AirNSR9673,20,21,62
SkyWave2753,44,12,76
JetFly6807,57,17,66
PacificWings4984,69,19,51
AirNSR7640,72,16,65
SkyWave2354,66,9,67
PacificWings1697,48,19,83
AirNSR5593,72,18,90
PacificWings3362,52,19,66
GlobeAir9856,42,20,85
PacificWings6666,56,23,67
PacificWings7499,37,23,62
GlobeAir4737,54,13,80
AirNSR5839,62,11,79
GlobeAir6188,58,11,52
JetFly5419,49,17,50
PacificWings9395,46,11,76
PacificWings6315,39,12,61
PacificWings4977,79,10,81
JetFly5397,49,15,86
JetFly8933,54,26,71
PacificWings4203,57,16,86
JetFly7224,74,19,71
SkyWave5922,63,14,57
JetFly5775,90,14,69
JetFly2865,53,11,61
AirNSR8563,34,19,88
GlobeAir9180,24,14,72
GlobeAir2211,56,26,66
PacificWings1602,32,10,68
SkyWave1725,57,14,89
AirNSR1172,51,14,74
PacificWings4621,41,16,77
PacificWings3469,25,14,86
AirNSR3321,50,20,71
GlobeAir6706,86,13,68
AirNSR2885,80,13,58
SkyWave9454,45,23,55
SkyWave7636,67,15,80
SkyWave8365,70,16,72
JetFly2025,58,8,77
SkyWave8496,55,18,58
PacificWings7367,58,19,80
PacificWings3826,65,10,71
JetFly2916,40,14,60
PacificWings3258,52,16,82
SkyWave3733,49,11,50
PacificWings1878,75,15,50
PacificWings9281,49,15,57
GlobeAir3740,80,16,76
SkyWave9808,68,11,54
PacificWings9369,75,26,78
PacificWings1681,48,9,63
JetFly1528,62,19,67
SkyWave4438,58,9,69
PacificWings3281,58,17,79
JetFly9827,53,18,87
PacificWings2560,77,16,68
SkyWave5090,59,19,70
GlobeAir3329,47,10,87
AirNSR7600,56,12,61
JetFly1040,47,24,64
GlobeAir4568,92,13,70
JetFly9967,61,14,57
AirNSR2631,76,21,76
GlobeAir4314,33,17,63
JetFly2350,40,23,85
GlobeAir2494,66,10,64
SkyWave9510,56,13,60
SkyWave8826,67,20,77
AirNSR6133,42,24,67
SkyWave2120,84,10,82
SkyWave7745,61,23,88
SkyWave3017,78,13,81
SkyWave5537,72,29,55
JetFly1439,61,11,52
JetFly1894,62,16,53
AirNSR9655,52,17,55
GlobeAir6986,41,11,78
AirNSR2106,71,6,50
PacificWings5693,73,5,79
PacificWings3501,34,12,85
SkyWave9788,64,21,56
SkyWave1948,60,13,58
PacificWings1901,68,10,89
SkyWave9133,62,9,68
JetFly2934,61,14,90
JetFly2262,47,15,71
SkyWave7024,62,20,78
SkyWave9336,35,14,75
JetFly7274,48,19,54
SkyWave6272,71,17,65
PacificWings7108,49,19,52
AirNSR7568,37,6,67
JetFly2415,40,14,86
JetFly4974,70,5,69
PacificWings5016,79,15,85
JetFly1157,36,15,68
AirNSR4361,76,17,55
JetFly2524,76,8,68
GlobeAir2391,53,10,61
AirNSR2020,85,18,90
GlobeAir6345,102,12,90
SkyWave2785,49,14,65
AirNSR9780,80,13,70
AirNSR3582,61,15,72
JetFly7492,60,11,59
AirNSR7625,57,14,84
AirNSR1195,59,19,62
AirNSR5240,86,10,90
SkyWave2506,54,10,63
GlobeAir7471,62,12,80
SkyWave5505,63,20,60
PacificWings5026,22,17,84
JetFly7275,53,17,80
AirNSR7266,46,20,72
PacificWings6269,73,17,75
AirNSR5602,71,11,81
SkyWave2640,50,18,86
SkyWave7363,48,22,85
PacificWings1462,55,17,57
PacificWings6063,91,11,63
SkyWave1326,61,20,53
SkyWave6582,74,13,58
AirNSR9622,52,13,76
JetFly6285,81,13,70
JetFly3854,61,12,74
JetFly5825,70,15,67
GlobeAir1530,44,10,90
AirNSR9129,30,10,79
SkyWave2453,71,21,80
JetFly5205,70,17,56
SkyWave7783,58,18,55
PacificWings4695,64,24,71
JetFly2715,58,21,83
PacificWings2525,73,18,85
PacificWings8113,29,19,58
GlobeAir9849,58,12,54
PacificWings9043,37,14,83
PacificWings8869,60,8,79
AirNSR8758,37,17,52
AirNSR9914,73,15,83
AirNSR5313,77,14,88
AirNSR3476,59,10,67
PacificWings4727,36,24,54
PacificWings8779,76,8,50
PacificWings9467,62,14,81
SkyWave4157,55,12,86
SkyWave3422,65,19,57
GlobeAir6343,66,14,57
PacificWings9561,57,19,76
PacificWings2641,66,15,57
GlobeAir5327,59,16,54
JetFly7602,52,19,69
SkyWave1807,43,12,75
JetFly5593,69,9,66
JetFly5414,36,15,66
GlobeAir9462,34,8,74
GlobeAir3222,71,13,55
AirNSR5087,79,8,56
JetFly8605,58,16,87
JetFly9008,42,20,82
JetFly3679,67,6,65
PacificWings4511,59,16,53
PacificWings1328,51,7,86
AirNSR4666,64,26,79
JetFly8520,54,22,73
GlobeAir2676,48,16,69
PacificWings5631,71,14,61
JetFly5536,55,18,69
AirNSR7620,88,16,81
JetFly7857,52,14,63
SkyWave6622,97,15,83
PacificWings3967,51,9,84
SkyWave6499,32,16,71
GlobeAir6428,69,13,61
GlobeAir1879,59,9,65
PacificWings5888,61,17,81
JetFly7704,51,23,80
AirNSR8988,47,16,68
SkyWave3762,72,14,85
GlobeAir7609,57,7,81
JetFly1230,80,14,79
SkyWave6641,68,18,50
SkyWave2069,50,14,53
PacificWings6535,80,9,80
SkyWave7609,91,11,85
PacificWings9267,42,15,85
PacificWings1796,93,5,57
AirNSR2897,57,17,90
SkyWave4366,60,16,59
PacificWings3247,49,12,71
AirNSR9154,57,9,65
JetFly7713,59,13,61
GlobeAir6416,52,16,71
GlobeAir3443,32,13,56
GlobeAir5850,94,9,60
JetFly6901,79,15,55
AirNSR3267,50,8,85
AirNSR7105,62,22,51
JetFly7319,54,14,85
SkyWave2699,75,16,60
PacificWings7221,36,15,60
AirNSR7738,82,14,75
PacificWings4669,20,16,80
GlobeAir6664,57,5,86
AirNSR1190,34,19,87
AirNSR9055,49,10,53
PacificWings7203,59,11,89
GlobeAir2442,61,13,76
AirNSR7609,42,12,75
PacificWings5990,66,15,76
AirNSR4652,58,24,51
GlobeAir2868,70,19,59
PacificWings9552,57,16,84
AirNSR5166,53,18,77
SkyWave8488,58,16,73
AirNSR8381,62,14,63
PacificWings8091,104,11,85
PacificWings3845,49,18,63
PacificWings7302,51,13,86
GlobeAir3185,43,17,73
JetFly4560,67,13,79
SkyWave9255,70,5,54
GlobeAir7839,49,14,76
AirNSR1414,42,6,69
JetFly5105,55,18,75
AirNSR6876,79,12,83
GlobeAir4892,70,18,58
GlobeAir6122,78,13,56
SkyWave7025,33,15,50
AirNSR4063,44,11,50
PacificWings5329,55,13,62
SkyWave1654,62,18,80
JetFly9037,54,16,50
PacificWings2117,60,19,87
JetFly4624,57,14,51
PacificWings8780,54,14,78
PacificWings4994,48,10,52
JetFly1404,71,9,65
JetFly4154,55,20,81
PacificWings1120,54,19,83
AirNSR4368,51,9,53
AirNSR8523,36,21,83
PacificWings2154,42,18,90
GlobeAir8094,45,21,82
AirNSR1745,93,6,76
PacificWings2417,43,18,77
GlobeAir3561,67,18,87
JetFly3360,51,24,64
AirNSR1684,61,8,60
SkyWave6633,56,8,52
SkyWave5140,83,11,81
GlobeAir2198,67,12,52
GlobeAir6420,50,5,86
AirNSR4170,68,21,82
PacificWings3496,46,7,65
AirNSR6131,72,6,67
SkyWave6432,78,10,82
PacificWings2783,43,16,67
PacificWings4218,44,11,88
AirNSR7637,65,5,59
PacificWings8734,84,15,77
JetFly3193,40,9,81
AirNSR4913,74,18,69
SkyWave3395,80,11,84
AirNSR5331,64,17,78
GlobeAir8695,70,20,76
JetFly5314,49,14,61
PacificWings5121,50,14,89
GlobeAir8898,70,6,76
AirNSR9430,76,9,72
AirNSR4773,55,21,53
GlobeAir4452,64,16,80
SkyWave3639,42,9,68
JetFly3949,74,12,67
AirNSR4548,52,19,71
PacificWings3338,44,16,75
GlobeAir2127,60,14,70
PacificWings9263,52,12,78
PacificWings1639,43,17,58
PacificWings9835,49,19,77
PacificWings8028,56,9,80
AirNSR7971,56,12,75
JetFly9908,75,13,73
PacificWings9561,55,22,67
GlobeAir6935,67,23,55
GlobeAir6990,78,10,88
PacificWings8904,74,22,82
PacificWings6641,82,19,60
SkyWave2642,74,13,82
AirNSR3633,47,13,56
PacificWings8133,35,21,78
AirNSR7296,55,21,87
GlobeAir8192,41,20,67
PacificWings9364,52,8,81
SkyWave1004,84,20,80
GlobeAir4281,63,15,86
JetFly6703,66,15,72
GlobeAir1076,48,12,50
PacificWings5821,89,28,52
PacificWings5098,83,17,62
GlobeAir8548,54,11,69
SkyWave4767,49,12,71
SkyWave5706,92,24,58
GlobeAir6142,71,10,59
GlobeAir4271,73,13,53
SkyWave6833,27,16,61
PacificWings1108,47,10,77
GlobeAir5501,56,12,61
PacificWings3101,59,14,75
AirNSR9232,31,22,89
PacificWings8537,45,10,64
JetFly6924,55,14,53
GlobeAir6621,81,16,63
JetFly7563,68,16,58
SkyWave2636,63,16,74
SkyWave3450,31,13,66
PacificWings6172,77,34,72
GlobeAir2621,41,17,60
GlobeAir6483,51,25,73
JetFly1324,39,18,78
PacificWings3859,38,13,64
AirNSR7243,59,20,65
GlobeAir7631,43,18,50
JetFly5382,60,16,89
PacificWings9535,74,8,52
SkyWave5122,72,12,79
GlobeAir9985,76,16,66
AirNSR5300,56,12,52
JetFly8260,72,21,74
JetFly8801,52,9,64
SkyWave8480,70,7,71
GlobeAir9841,40,9,55
SkyWave5973,53,8,77
PacificWings1136,30,9,82
PacificWings4788,69,8,71
GlobeAir5094,54,24,59
GlobeAir4924,59,16,59
SkyWave2121,45,25,67
GlobeAir5458,51,13,79
PacificWings1362,79,14,75
AirNSR4814,60,13,80
JetFly9165,55,16,73
AirNSR5366,68,11,57
GlobeAir1206,48,11,58
SkyWave8550,38,7,71
JetFly3598,64,19,85
SkyWave6905,73,5,62
AirNSR3742,56,9,80
PacificWings8786,62,12,90
AirNSR6544,68,14,86
SkyWave8992,31,10,87
SkyWave1349,60,15,51
GlobeAir8168,38,7,53
PacificWings6696,60,7,72
SkyWave2128,34,12,63
JetFly8439,52,10,75
JetFly4912,49,15,76
PacificWings9151,49,15,88
AirNSR2577,54,15,63
SkyWave2753,73,19,62
GlobeAir9615,79,19,58
AirNSR4419,63,12,81
JetFly1955,54,10,77
AirNSR4537,60,18,64
SkyWave9621,49,14,63
PacificWings6864,49,16,66
PacificWings7579,51,11,58
GlobeAir6772,49,17,59
JetFly4943,58,12,84
JetFly8412,63,12,72
AirNSR9480,76,10,75
JetFly1355,57,7,60
AirNSR1618,54,6,83
SkyWave4817,71,18,64
AirNSR6319,71,15,79
PacificWings5921,46,10,58
JetFly8115,82,22,64
AirNSR7266,61,12,81
SkyWave6354,80,11,61
GlobeAir9269,63,21,61
SkyWave6507,47,19,71
AirNSR7529,67,14,87
PacificWings4245,45,11,63
PacificWings5034,64,7,56
AirNSR2843,61,17,52
PacificWings1396,74,8,64
PacificWings3389,79,23,64
SkyWave2405,66,9,80
AirNSR6624,55,14,53
PacificWings4471,64,15,50
SkyWave1301,64,14,84
SkyWave5444,63,12,87
JetFly2767,54,12,69
PacificWings2631,88,22,59
SkyWave9202,68,21,63
JetFly9027,71,15,66
JetFly4869,37,13,52
AirNSR5590,54,9,63
GlobeAir9531,37,17,78
JetFly6395,64,9,50
SkyWave6062,48,20,67
SkyWave6201,46,15,62
AirNSR6221,57,17,62
SkyWave4079,47,15,64
PacificWings5372,62,16,62
JetFly2302,61,16,57
SkyWave7348,92,27,90
GlobeAir1245,50,5,90
SkyWave8197,68,15,84
GlobeAir7633,75,16,82
PacificWings9784,60,20,63
SkyWave9498,79,8,84
AirNSR4110,47,14,67
GlobeAir3727,61,13,73
GlobeAir8400,66,19,75
SkyWave7440,85,17,90
SkyWave8449,47,14,55
AirNSR2870,58,17,58
PacificWings3619,65,25,73
SkyWave3656,53,16,81
GlobeAir5731,95,12,85
PacificWings5146,62,10,90
PacificWings9084,61,11,50
AirNSR1107,75,15,67
AirNSR4028,45,19,79
PacificWings5889,62,19,64
SkyWave5659,42,16,78
AirNSR5903,71,12,56
PacificWings2063,41,14,87
JetFly9635,78,20,83
PacificWings9666,53,8,90
GlobeAir6185,53,12,73
PacificWings9132,66,14,57
JetFly4171,48,20,80
SkyWave7793,62,17,76
AirNSR4296,34,5,86
PacificWings6307,38,12,74
PacificWings1477,68,5,84
GlobeAir1582,83,15,51
JetFly8577,80,10,90
PacificWings9779,67,15,74
AirNSR3446,72,13,68
PacificWings7382,67,20,73
AirNSR5448,50,16,72
SkyWave9603,31,18,69
AirNSR8270,89,8,69
SkyWave6572,58,19,59
PacificWings3174,60,15,56
AirNSR1067,54,12,73
GlobeAir1755,58,15,81
SkyWave6257,42,14,84
AirNSR5467,83,12,64
PacificWings9422,41,14,79
SkyWave5641,49,8,89
PacificWings8268,62,11,60
AirNSR7284,50,15,77
PacificWings8304,37,6,68
AirNSR8629,70,5,51
GlobeAir8709,45,6,70
GlobeAir4004,52,17,63
AirNSR6758,61,26,59
PacificWings3087,76,10,90
JetFly9728,42,28,78
PacificWings3605,75,17,62
GlobeAir8132,61,16,88
PacificWings8972,37,15,77
SkyWave6046,61,10,83
GlobeAir6364,51,22,83
AirNSR3403,58,25,73
GlobeAir4205,33,12,89
GlobeAir6640,36,8,63
JetFly2022,47,16,66
AirNSR5623,64,11,58
GlobeAir7652,26,22,83
SkyWave4083,55,9,85
JetFly3056,64,16,63
GlobeAir3224,55,15,90
GlobeAir3945,42,18,86
JetFly4698,45,11,52
PacificWings5411,69,21,64
AirNSR8889,83,20,88
GlobeAir9469,55,7,79
AirNSR9834,81,21,89
AirNSR8681,49,19,88
GlobeAir6782,55,22,79
JetFly5267,52,24,83
PacificWings1447,71,23,63
JetFly3171,53,17,63
PacificWings3860,45,19,55
JetFly4869,73,26,73
AirNSR3376,67,18,51
GlobeAir4898,52,17,65
AirNSR5331,54,15,60
GlobeAir9724,62,13,56
PacificWings8122,60,13,88
PacificWings1672,54,20,82
JetFly5429,62,16,73
PacificWings4193,38,17,87
AirNSR2113,67,13,76
JetFly4594,91,5,72
AirNSR4552,71,18,73
SkyWave7159,68,15,55
JetFly8650,68,19,51
JetFly3653,49,16,58
AirNSR5230,57,9,71
PacificWings7432,70,12,50
SkyWave2740,37,12,75
JetFly8305,48,20,77
JetFly3483,62,21,77
GlobeAir8144,50,19,83
AirNSR9770,102,16,75
JetFly9759,72,18,90
SkyWave3893,38,17,52
AirNSR6886,64,13,75
AirNSR4163,46,18,79
JetFly9186,45,25,64
AirNSR7643,61,8,69
SkyWave4817,52,13,81
GlobeAir1750,96,10,76
AirNSR8474,58,12,80
AirNSR9145,67,12,55
JetFly2979,42,14,69
SkyWave6496,55,12,86
JetFly3703,51,20,86
PacificWings7162,55,9,84
SkyWave2460,53,15,77
SkyWave5439,39,23,65
AirNSR3949,73,22,59
PacificWings4860,65,5,85
PacificWings4592,83,10,87
GlobeAir9151,48,15,72
JetFly4433,80,20,89
AirNSR2710,73,13,55
AirNSR4855,55,16,50
SkyWave2804,58,19,64
GlobeAir4615,72,17,83
SkyWave4541,22,15,71
SkyWave6875,58,15,61
AirNSR5597,48,8,69
JetFly4602,66,13,59
PacificWings4763,68,11,80
PacificWings8757,81,20,74
SkyWave6362,64,13,60
AirNSR7844,72,16,59
GlobeAir8852,63,20,56
GlobeAir4571,81,8,70
AirNSR8860,44,11,72
AirNSR8452,37,14,86
GlobeAir1022,69,14,75
GlobeAir5420,51,20,65
AirNSR9433,62,16,78
AirNSR6989,77,14,68
SkyWave3267,90,12,63
SkyWave4693,89,10,86
JetFly1892,67,11,76
AirNSR8703,76,12,64
SkyWave8501,64,11,88
AirNSR3699,74,11,88
PacificWings1371,85,10,66
JetFly7883,39,19,89
PacificWings6503,51,14,71
PacificWings8295,55,8,88
SkyWave5259,58,21,68
SkyWave6785,75,16,50
JetFly3986,76,9,62
PacificWings3072,55,16,85
JetFly6633,58,13,86
JetFly2990,41,5,72
JetFly3556,72,16,70
PacificWings3409,73,12,68
SkyWave2914,49,15,76
JetFly2515,72,13,73
JetFly4206,72,9,77
PacificWings7462,57,14,73
JetFly7513,78,16,62
JetFly6756,86,8,54
GlobeAir8249,61,15,80
SkyWave2410,69,10,53
JetFly2083,85,15,82
GlobeAir3865,43,14,81
SkyWave4047,55,28,63
PacificWings5979,75,15,52
JetFly5917,58,19,53
SkyWave1466,74,5,59
PacificWings8872,69,15,55
AirNSR7114,40,19,51
SkyWave6237,93,17,59
GlobeAir6832,76,24,79
PacificWings4175,47,5,63
JetFly5447,69,13,74
AirNSR3243,39,14,74
AirNSR4569,70,14,64
PacificWings9612,48,13,60
SkyWave1284,59,5,72
PacificWings9570,57,8,74
SkyWave3108,69,7,79
GlobeAir2830,75,12,63
SkyWave2766,51,16,61
AirNSR2085,47,16,60
SkyWave4277,49,12,63
PacificWings6698,66,9,68
SkyWave9272,41,16,82
SkyWave4138,59,15,78
SkyWave9260,64,15,67
SkyWave6813,69,15,86
JetFly3025,29,6,63
JetFly1665,88,15,88
PacificWings6111,74,13,54
SkyWave2140,59,12,77
AirNSR7494,96,16,75
GlobeAir2666,51,6,50
GlobeAir3011,89,14,56
PacificWings5472,71,19,87
PacificWings5569,53,18,57
SkyWave3205,50,10,52
AirNSR3934,77,14,88
AirNSR9518,67,17,50
PacificWings5287,69,7,69
GlobeAir2951,51,13,85
AirNSR3897,47,17,83
JetFly7374,77,21,77
PacificWings8697,54,16,75
PacificWings7189,66,18,51
PacificWings1739,46,24,78
GlobeAir2594,73,19,63
SkyWave4844,78,17,59
JetFly3781,44,14,76
PacificWings9433,35,17,69
GlobeAir7394,57,14,69
JetFly9138,78,12,78
SkyWave9142,56,15,85
GlobeAir4700,32,13,86
JetFly2102,22,12,90
JetFly9268,72,17,62
GlobeAir5116,51,15,80
PacificWings4056,43,14,82
PacificWings8106,103,24,72
SkyWave3465,60,15,89
SkyWave7757,45,10,73
SkyWave7649,65,12,90
GlobeAir8952,73,22,67
SkyWave1477,64,15,55
GlobeAir1326,34,18,80
GlobeAir6954,42,12,77
PacificWings2976,74,20,53
PacificWings3003,53,12,89
GlobeAir4571,49,9,51
GlobeAir5166,50,6,88
JetFly9941,70,16,62
JetFly8786,68,10,81
SkyWave5144,42,15,56
PacificWings4872,60,14,76
JetFly2478,55,23,68
GlobeAir1555,66,24,73
JetFly7920,79,23,90
GlobeAir9973,43,17,85
GlobeAir3229,53,6,56
AirNSR3585,82,13,50
JetFly8397,44,12,68
JetFly4254,48,11,72
PacificWings4677,56,23,81
AirNSR8576,50,23,65
GlobeAir5262,72,16,67
AirNSR9615,71,15,76
SkyWave5361,79,17,77
PacificWings4531,35,16,86
AirNSR5754,71,13,69
PacificWings8506,61,11,66
SkyWave7283,39,7,81
JetFly4847,36,18,63
AirNSR5155,22,11,64
PacificWings1673,48,13,84
GlobeAir3161,32,17,78
AirNSR6132,40,20,85
JetFly5312,50,14,53
JetFly9049,60,16,70
SkyWave1587,60,12,58
AirNSR8233,65,17,82
AirNSR6727,48,17,86
PacificWings5469,77,18,51
SkyWave7822,73,15,71
AirNSR5657,45,10,74
JetFly3519,64,19,77
PacificWings1095,101,19,72
PacificWings3118,42,11,55
AirNSR9964,94,13,85
GlobeAir2461,60,10,62
SkyWave2975,83,17,78
PacificWings3151,48,10,84
GlobeAir7358,64,15,69
JetFly4053,72,17,78
SkyWave3540,56,12,78
GlobeAir2297,57,12,55
SkyWave9570,58,15,87
PacificWings2763,46,18,83
JetFly6823,54,10,84
SkyWave3985,54,16,82
JetFly8454,61,17,65
PacificWings5248,73,21,78
AirNSR3813,64,9,67
GlobeAir5961,55,9,65
SkyWave3213,85,24,66
AirNSR4428,69,19,72
SkyWave2410,63,16,52
SkyWave3497,36,14,88
SkyWave4298,46,16,75
GlobeAir9121,59,24,82
PacificWings8993,73,16,70
PacificWings2040,55,23,89
JetFly8345,59,16,63
JetFly8178,60,12,82
PacificWings8675,60,5,52
GlobeAir3654,36,16,75
SkyWave4268,83,16,60
JetFly4845,49,7,70
SkyWave3862,71,12,53
PacificWings4714,69,16,59
AirNSR5382,67,15,65
GlobeAir2817,65,14,52
SkyWave2934,50,10,82
GlobeAir2626,24,14,86
GlobeAir7811,82,18,87
SkyWave2396,63,11,74
SkyWave9677,74,14,67
GlobeAir9456,83,10,75
AirNSR2389,48,10,88
AirNSR3473,37,10,90
GlobeAir5986,61,11,60
SkyWave7618,20,20,66
GlobeAir6656,34,17,64
JetFly7389,60,25,69
PacificWings6115,74,12,64
PacificWings5238,49,22,72
AirNSR7110,37,15,66
GlobeAir5881,58,13,83
PacificWings9737,65,15,75
SkyWave7187,66,15,88
JetFly8443,66,15,71
AirNSR2018,50,15,61
PacificWings7598,49,11,57
GlobeAir7937,54,14,61
PacificWings3082,60,19,56
SkyWave8461,52,15,72
AirNSR7694,61,11,74
SkyWave2929,61,20,52
SkyWave3328,62,16,65
SkyWave9008,49,24,82
GlobeAir8883,50,6,78
GlobeAir3175,72,14,54
SkyWave6328,55,12,50
PacificWings1750,88,16,83
PacificWings6060,68,15,84
PacificWings1866,64,21,52
AirNSR9713,56,7,63
GlobeAir2386,73,17,71
JetFly8160,61,17,69
AirNSR2878,54,15,76
SkyWave6026,58,12,89
AirNSR1958,77,7,68
JetFly7152,95,19,74
SkyWave9076,33,13,77
GlobeAir7669,57,16,50
JetFly2663,45,15,69
PacificWings4333,58,11,87
GlobeAir8401,46,19,53
JetFly3742,34,17,63
GlobeAir6757,71,13,80
PacificWings2145,60,20,75
JetFly8077,49,11,66
JetFly8417,52,20,78
PacificWings6381,79,8,67
AirNSR3843,75,19,79
PacificWings1507,83,16,77
GlobeAir3903,59,20,87
AirNSR4629,70,26,57
JetFly4623,74,15,55
SkyWave1116,42,12,77
SkyWave4174,38,13,55
SkyWave5253,73,14,61
SkyWave1378,75,16,61
GlobeAir1849,53,15,57
GlobeAir9119,67,15,71
AirNSR5553,62,11,52
AirNSR1415,53,26,65
JetFly2029,78,7,86
JetFly5102,24,15,75
JetFly9514,73,12,70
GlobeAir3045,75,15,72
SkyWave2015,57,18,85
AirNSR1914,52,13,76
GlobeAir4819,70,14,82
PacificWings2659,88,18,54
AirNSR2682,69,14,90
PacificWings5198,73,13,86
SkyWave1722,64,10,90
JetFly9866,75,16,52
JetFly1132,89,26,52
AirNSR7915,71,15,69
SkyWave8794,45,19,57
PacificWings5909,63,17,70
GlobeAir4594,85,10,83
SkyWave8876,46,13,88
JetFly1162,72,17,64
GlobeAir4185,46,18,63
SkyWave4587,41,10,63
AirNSR3884,58,12,73
JetFly4444,73,16,58
PacificWings8106,86,13,84
PacificWings7196,58,21,76
AirNSR4098,58,22,75
JetFly3071,68,5,50
AirNSR3743,77,19,56
GlobeAir3932,74,5,64
GlobeAir5396,50,12,82
SkyWave4325,47,23,70
PacificWings3575,59,14,70
JetFly8282,68,17,50
PacificWings6511,20,11,51
JetFly5473,38,17,60
JetFly2350,55,15,87
SkyWave2612,28,13,71
SkyWave6394,76,22,80
SkyWave9898,70,8,62
GlobeAir7647,78,18,83
GlobeAir4728,58,5,50
GlobeAir8559,74,12,56
SkyWave8187,65,15,51
JetFly1158,83,14,54
PacificWings5909,59,22,61
JetFly7404,50,19,68
GlobeAir2779,57,9,72
PacificWings3910,60,18,79
JetFly4373,80,22,56
JetFly9495,55,10,84
SkyWave9789,55,9,55
SkyWave4369,56,13,73
JetFly4325,70,5,85
GlobeAir2048,48,11,53
GlobeAir8580,77,9,74
JetFly5873,63,14,55
GlobeAir8501,75,17,88
SkyWave3587,61,12,68
GlobeAir7738,32,16,88
JetFly7719,67,7,86
AirNSR2199,41,16,87
AirNSR1175,65,10,57
GlobeAir8558,51,5,62
SkyWave8713,80,8,75
JetFly3034,68,14,90
JetFly3514,79,11,73
SkyWave8242,60,6,52
GlobeAir1858,30,17,72
JetFly4908,33,13,71
JetFly4148,75,18,57
SkyWave1721,50,7,86
PacificWings4393,67,21,56
JetFly6298,50,10,87
GlobeAir4606,52,17,64
SkyWave7735,78,8,86
SkyWave5127,37,26,76
JetFly3872,57,16,84
GlobeAir7264,49,17,78
SkyWave1347,74,16,55
PacificWings2300,86,13,82
GlobeAir4348,56,16,77
JetFly3199,66,16,81
JetFly1388,40,16,54
SkyWave4644,54,12,80
AirNSR9055,60,10,50
AirNSR3845,42,5,84
JetFly3689,86,17,50
JetFly8344,58,11,69
GlobeAir7188,20,11,89
SkyWave8897,70,19,59
PacificWings9801,69,15,88
JetFly7146,79,13,63
SkyWave3535,76,13,60
GlobeAir7628,46,9,85
PacificWings2167,44,18,73
SkyWave4182,48,9,51
JetFly1945,70,16,81
JetFly1462,74,17,56
JetFly5053,48,15,88
GlobeAir2316,61,10,77
JetFly5951,43,11,55
AirNSR6642,90,12,59
JetFly1105,78,12,87
PacificWings7829,73,19,64
SkyWave8970,74,16,63
SkyWave4292,80,16,58
GlobeAir2789,85,6,54
AirNSR6605,65,16,62
AirNSR2000,45,17,67
AirNSR4458,37,11,86
GlobeAir8753,30,22,72
JetFly4925,56,25,60
JetFly2641,72,17,58
AirNSR3013,51,9,52
GlobeAir9436,67,14,86
AirNSR6333,39,7,66
AirNSR6707,45,24,52
PacificWings4196,93,16,53
AirNSR3094,62,13,63
SkyWave8311,45,21,80
SkyWave2465,88,10,54
GlobeAir5593,58,12,80
SkyWave9757,53,20,81
PacificWings2059,40,17,73
GlobeAir4823,70,14,83
JetFly4082,73,15,85
AirNSR6092,78,7,72
JetFly3069,54,14,74
JetFly3370,20,9,59
SkyWave1562,47,19,78
JetFly8836,49,10,66
SkyWave4450,72,6,84
JetFly3608,28,13,50
GlobeAir7407,38,7,74
PacificWings7451,68,19,75
JetFly8496,71,20,56
SkyWave4573,78,5,54
GlobeAir7997,66,12,61
AirNSR2922,48,17,76
SkyWave1556,34,6,58
SkyWave7150,69,17,52
JetFly1190,62,10,64
SkyWave1377,71,18,53
GlobeAir8932,61,9,74
PacificWings4029,53,19,87
GlobeAir2047,79,13,73
SkyWave3948,56,14,54
PacificWings4378,64,12,77
AirNSR3043,20,20,70
SkyWave5925,86,11,81
SkyWave9035,44,14,55
SkyWave2622,57,19,60
SkyWave4539,60,11,57
AirNSR5177,40,19,57
JetFly7968,68,20,85
JetFly9379,45,24,77
GlobeAir1424,33,18,53
PacificWings7664,31,11,54
JetFly3397,83,19,84
GlobeAir2720,51,12,55
AirNSR9666,61,17,57
SkyWave6210,78,12,58
GlobeAir3090,35,15,64
SkyWave7206,53,8,89
PacificWings7852,64,13,88
JetFly5519,64,10,64
JetFly7660,67,8,62
AirNSR3705,47,13,53
AirNSR7946,86,18,61
AirNSR7643,76,22,70
JetFly5001,114,15,72
SkyWave3864,81,20,87
GlobeAir9118,74,23,82
PacificWings2931,53,12,81
PacificWings7449,64,14,87
GlobeAir8999,64,22,58
JetFly2755,52,13,53
AirNSR8058,62,13,77
GlobeAir3029,31,12,59
JetFly5903,70,22,64
AirNSR8185,42,9,57
JetFly4251,60,5,68
JetFly1517,53,6,71
PacificWings9119,80,11,88
SkyWave2797,84,20,77
SkyWave1852,50,9,85
JetFly8961,57,14,82
SkyWave5087,65,11,88
GlobeAir4250,71,16,56
PacificWings3436,54,11,51
SkyWave7984,57,10,87
JetFly4791,60,15,74
AirNSR5985,63,23,90
SkyWave6240,58,20,56
SkyWave5674,63,13,86
JetFly9049,58,14,75
PacificWings3134,64,10,85
PacificWings7088,38,18,53
SkyWave2971,73,18,68
PacificWings6618,62,18,72
AirNSR3094,70,18,51
JetFly6996,47,9,72
PacificWings9255,54,14,60
JetFly1744,56,5,55
GlobeAir9723,85,13,54
PacificWings7393,62,21,59
SkyWave1145,24,12,53
JetFly5399,54,13,63
JetFly1640,57,22,77
SkyWave4440,70,19,50
JetFly2363,60,8,83
JetFly6318,28,7,57
SkyWave5194,65,15,75
PacificWings4377,56,13,67
SkyWave8308,90,10,56
GlobeAir3973,73,15,85
SkyWave5621,59,20,50
SkyWave2137,81,13,66
AirNSR9630,71,16,66
AirNSR1222,60,16,76
AirNSR1153,49,13,52
PacificWings8279,51,19,84
PacificWings5382,58,8,54
AirNSR9381,49,5,89
GlobeAir3414,52,15,81
GlobeAir3778,57,24,56
JetFly2939,68,17,66
GlobeAir9691,35,13,52
PacificWings5702,52,11,85
AirNSR1035,48,5,65
AirNSR2854,40,19,67
SkyWave3979,57,12,77
PacificWings6463,59,20,86
PacificWings9070,60,17,70
PacificWings4593,47,11,66
JetFly8764,65,24,67
JetFly8543,81,17,86
SkyWave2920,62,22,72
JetFly1886,71,5,51
SkyWave6984,44,16,75
SkyWave3988,33,10,50
GlobeAir7742,49,13,87
AirNSR1526,55,13,71
GlobeAir5227,72,13,82
JetFly2506,54,8,52
SkyWave7427,75,11,76
GlobeAir3700,43,16,58
AirNSR2274,48,12,79
AirNSR2070,63,13,66
AirNSR4937,94,14,71
AirNSR1787,69,5,75
GlobeAir9195,47,9,77
AirNSR6428,45,17,88
AirNSR7260,75,16,85
AirNSR2528,56,11,64
PacificWings9459,76,25,89
JetFly5765,62,19,90
PacificWings2228,65,18,84
PacificWings2428,42,12,72
SkyWave2116,65,21,86
JetFly8753,47,5,52
GlobeAir1648,52,20,81
GlobeAir7008,36,9,66
GlobeAir5306,62,14,59
AirNSR3532,68,8,88
SkyWave7360,55,20,67
GlobeAir2787,42,22,55
GlobeAir4268,43,19,69
GlobeAir4483,54,9,59
GlobeAir3384,52,17,89
AirNSR6922,59,20,51
GlobeAir5421,81,9,68
AirNSR5887,41,8,89
SkyWave1880,46,20,72
GlobeAir8890,68,12,79
GlobeAir1162,59,22,78
JetFly1232,88,16,77
AirNSR7658,20,16,61
GlobeAir2596,74,16,70
SkyWave7185,70,16,62
AirNSR7066,41,10,90
GlobeAir8471,55,20,84
PacificWings6502,48,17,68
PacificWings3664,64,22,79
JetFly2625,59,6,75
AirNSR9133,69,25,74
JetFly7891,70,11,88
SkyWave8693,43,10,55
AirNSR7138,90,13,88
JetFly7794,50,14,72
SkyWave7134,55,22,62
SkyWave7412,44,20,52
GlobeAir3111,61,21,56
SkyWave2631,83,15,75
PacificWings3605,55,15,68
PacificWings3507,58,6,81
GlobeAir6867,83,16,58
SkyWave7194,42,5,83
PacificWings2694,25,18,90
JetFly5292,50,12,75
GlobeAir2649,67,12,57
SkyWave7879,68,15,80
JetFly1166,58,7,68
PacificWings9953,47,18,74
PacificWings1484,49,21,83
JetFly2880,95,18,70
JetFly5483,82,18,87
GlobeAir9123,51,16,50
JetFly7436,90,12,58
GlobeAir8309,44,9,74
GlobeAir8033,56,9,58
PacificWings5146,85,16,88
JetFly7525,74,13,78
JetFly5019,42,8,74
AirNSR1157,46,16,55
JetFly4811,67,18,57
SkyWave2686,37,14,74
PacificWings7909,44,17,74
GlobeAir9169,67,9,58
PacificWings6355,74,26,84
PacificWings1076,72,14,75
PacificWings1640,55,13,77
JetFly5500,48,16,50
GlobeAir1771,42,5,62
JetFly2683,63,15,69
GlobeAir4708,51,8,88
AirNSR1860,64,10,83
JetFly6395,57,23,58
GlobeAir2964,69,8,67
GlobeAir3004,40,15,75
JetFly6274,39,5,85
JetFly4971,67,16,88
SkyWave8670,66,16,90
PacificWings9420,59,11,76
AirNSR3130,67,22,80
SkyWave7556,52,9,52
PacificWings2672,42,10,57
AirNSR8550,63,5,75
JetFly5351,66,18,73
PacificWings8059,33,10,74
AirNSR7267,61,14,60
JetFly9676,67,14,81
SkyWave2819,78,13,81
AirNSR9718,45,9,68
GlobeAir7437,71,15,52
SkyWave6695,69,18,60
PacificWings8811,29,9,54
SkyWave6442,44,10,73
SkyWave5322,53,19,81
PacificWings1016,77,13,58
PacificWings5762,56,11,63
AirNSR5990,61,16,55
GlobeAir5153,72,18,59
PacificWings8935,25,14,70
SkyWave7722,80,12,59
GlobeAir6888,77,13,67
PacificWings8360,62,9,61
PacificWings7836,43,18,62
PacificWings3014,73,15,71
GlobeAir3410,41,15,59
JetFly8976,78,23,71
SkyWave5636,55,6,74
JetFly1010,72,13,52
PacificWings3540,74,16,50
JetFly4585,46,15,83
GlobeAir7539,79,14,70
PacificWings8140,44,7,83
PacificWings4268,48,12,89
PacificWings4004,72,9,69
PacificWings6858,83,8,88
GlobeAir1453,94,23,74
PacificWings5954,62,6,54
JetFly1877,59,13,78
GlobeAir1890,40,16,61
JetFly8888,47,11,56
SkyWave9458,56,12,73
JetFly6093,91,12,53
SkyWave2983,66,15,71
PacificWings8271,65,17,59
SkyWave4849,73,16,50
AirNSR8083,63,15,90
SkyWave9380,57,10,73
PacificWings9076,59,16,64
GlobeAir7830,66,15,71
GlobeAir1180,56,14,62
SkyWave8666,51,16,55
SkyWave6715,56,15,62
JetFly6558,75,11,57
GlobeAir7168,68,15,82
JetFly3120,90,13,67
AirNSR1483,70,15,73
JetFly4793,39,12,76
GlobeAir2054,73,12,51
GlobeAir7132,26,14,71
GlobeAir3182,43,15,89
SkyWave4296,83,18,89
AirNSR1397,83,12,64
GlobeAir9955,57,9,68
PacificWings8761,49,10,59
AirNSR8190,40,21,65
PacificWings5886,28,21,59
JetFly1369,78,17,58
AirNSR3586,43,7,57
PacificWings9192,51,18,50
PacificWings8716,60,9,88
JetFly1973,77,23,55
SkyWave9086,56,15,59
PacificWings2320,37,12,87
AirNSR9136,67,16,67
SkyWave1351,52,13,66
AirNSR8899,53,13,64
GlobeAir3257,66,5,56
JetFly4172,58,16,67
PacificWings1164,51,12,54
SkyWave1931,53,12,67
JetFly6728,60,15,51
AirNSR2258,28,18,84
SkyWave8266,55,24,81
PacificWings5383,42,10,82
PacificWings8966,56,17,64
SkyWave5996,30,10,66
AirNSR4851,68,10,62
JetFly5554,80,12,90
GlobeAir9115,46,18,79
GlobeAir4021,84,17,80
AirNSR6508,78,23,87
GlobeAir8004,46,19,84
PacificWings8594,37,17,59
SkyWave3160,58,21,69
PacificWings5846,77,17,52
JetFly1202,64,17,59
GlobeAir8581,60,14,56
GlobeAir4569,81,22,57
PacificWings6145,57,16,77
JetFly9108,61,6,83
AirNSR4812,54,22,59
JetFly1687,48,25,64
JetFly9854,77,17,55
AirNSR9372,68,10,63
AirNSR7987,56,22,81
JetFly7686,50,20,89
AirNSR5765,39,9,86
PacificWings9326,88,14,83
SkyWave7243,51,21,55
PacificWings7849,78,19,82
GlobeAir9592,51,13,56
JetFly4998,64,18,50
AirNSR4949,52,15,52
AirNSR6935,64,21,86
PacificWings5013,71,7,74
JetFly2932,56,10,59
GlobeAir4245,68,19,69
PacificWings8698,61,13,60
SkyWave2196,61,16,76
JetFly3088,50,8,72
PacificWings2765,29,21,79
GlobeAir8138,67,16,83
PacificWings2372,78,8,89
GlobeAir6250,33,16,77
SkyWave5871,64,6,63
PacificWings9326,65,12,71
SkyWave1687,47,13,73
JetFly2629,23,12,82
GlobeAir4664,49,17,80
SkyWave5565,57,18,78
AirNSR1651,21,10,68
JetFly4328,68,13,72
JetFly2795,72,5,58
SkyWave5562,70,11,76
AirNSR6359,48,19,63
AirNSR6157,77,20,69
AirNSR1130,90,21,82
SkyWave5346,48,15,83
SkyWave4253,54,25,84
GlobeAir4416,76,14,59
SkyWave6713,73,8,62
JetFly8947,63,10,81
AirNSR4586,34,18,90
AirNSR3886,73,17,59
SkyWave8925,57,8,70
PacificWings4524,42,10,69
GlobeAir7412,56,20,68
GlobeAir4587,75,6,61
SkyWave9782,49,11,58
PacificWings1326,22,17,90
AirNSR1806,56,14,70
PacificWings7480,80,15,62
GlobeAir4532,53,17,70
AirNSR9216,75,16,57
SkyWave5051,70,14,54
GlobeAir3149,58,15,79
AirNSR1241,48,12,83
PacificWings6114,80,25,85
SkyWave2633,83,8,61
GlobeAir5563,38,9,85
AirNSR9143,62,5,51
SkyWave1407,51,22,71
JetFly6446,74,12,52
PacificWings5095,53,17,65
PacificWings4808,74,12,66
SkyWave1598,56,12,71
PacificWings9007,40,13,73
PacificWings2334,55,8,64
SkyWave9518,69,17,85
AirNSR7949,70,11,83
GlobeAir7543,30,17,61
PacificWings6281,50,10,82
SkyWave7082,41,13,80
SkyWave3690,83,12,60
GlobeAir2098,43,18,50
PacificWings8513,62,5,66
AirNSR6741,69,25,78
JetFly7982,20,8,75
PacificWings9864,20,14,80
JetFly3921,74,15,77
JetFly5542,80,19,74
SkyWave2496,85,20,74
JetFly2274,53,15,52
JetFly5957,46,13,84
GlobeAir6816,60,14,58
SkyWave3721,80,13,84
JetFly2970,46,10,84
GlobeAir6668,69,7,81
GlobeAir7130,56,21,69
AirNSR6085,64,14,70
AirNSR5473,59,9,82
JetFly1937,47,14,78
GlobeAir3847,64,19,55
SkyWave3156,61,21,58
JetFly2597,84,18,53
JetFly6185,78,10,90
GlobeAir2007,42,17,80
AirNSR3827,39,13,70
GlobeAir3833,71,22,63
GlobeAir2410,56,11,54
AirNSR4041,64,9,63
JetFly8542,57,14,74
JetFly1873,59,15,85
GlobeAir4702,47,11,73
JetFly8202,48,6,88
PacificWings8367,65,19,62
PacificWings4451,71,13,56
PacificWings5406,47,18,73
JetFly1515,69,16,58
PacificWings6291,86,14,75
AirNSR6879,56,13,58
SkyWave6865,36,18,56
GlobeAir8478,58,17,52
JetFly7114,87,13,80
PacificWings2767,24,17,68
PacificWings1467,62,11,55
SkyWave3286,65,18,66
SkyWave6670,45,13,66
SkyWave3819,82,11,64
GlobeAir2477,61,5,50
AirNSR8820,37,15,90
SkyWave8738,78,8,57
GlobeAir3105,61,13,50
PacificWings7452,74,8,74
AirNSR4632,66,11,55
PacificWings1026,63,15,67
GlobeAir4079,56,17,68
SkyWave7974,60,14,72
AirNSR5276,54,15,59
GlobeAir2353,63,10,87
SkyWave6226,54,9,88
GlobeAir1893,59,12,74
PacificWings7108,71,18,69
SkyWave7947,46,14,72
PacificWings5224,69,14,79
GlobeAir1795,49,9,69
JetFly1820,72,19,67
AirNSR9892,56,18,63
JetFly5877,20,21,63
SkyWave3871,57,15,54
JetFly6658,55,21,88
AirNSR6350,44,22,89
GlobeAir9398,65,18,80
SkyWave5208,55,8,56
PacificWings9422,73,16,57
SkyWave8158,80,14,73
GlobeAir3969,53,21,64
SkyWave5501,88,15,64
AirNSR6318,48,19,65
GlobeAir7893,56,17,67
AirNSR6618,56,22,87
SkyWave9720,49,17,78
AirNSR8971,52,13,60
JetFly5981,53,18,89
PacificWings3731,73,17,77
JetFly9040,58,15,89
AirNSR2588,73,19,79
SkyWave7571,20,13,51
JetFly6233,56,18,55
GlobeAir4688,58,18,51
SkyWave3910,43,16,52
SkyWave2610,73,7,63
PacificWings4673,97,20,90
AirNSR6325,60,10,69
JetFly1372,57,15,64
GlobeAir7046,66,22,68
AirNSR1506,52,17,69
SkyWave3897,40,12,88
SkyWave5011,65,18,88
PacificWings8703,48,12,81
AirNSR9751,81,20,73
AirNSR6953,63,5,84
AirNSR3391,97,14,72
SkyWave4982,55,12,85
GlobeAir9053,65,16,76
GlobeAir5225,74,10,90
PacificWings5725,55,25,54
JetFly3593,63,14,83
SkyWave3400,45,17,83
AirNSR4467,75,19,82
PacificWings9467,56,16,55
PacificWings9209,85,20,80
SkyWave9605,48,5,82
JetFly4683,64,18,75
SkyWave6840,43,14,53
SkyWave4318,56,15,58
AirNSR5447,51,21,57
SkyWave5009,62,10,73
SkyWave1659,73,8,86
AirNSR3171,79,19,87
PacificWings8819,80,14,59
SkyWave8836,52,15,81
PacificWings4522,58,11,88
AirNSR8252,51,13,66
JetFly9070,42,18,63
JetFly9719,59,13,79
AirNSR3984,43,9,77
SkyWave2074,89,11,64
SkyWave4171,69,15,82
PacificWings8731,20,23,58
JetFly3562,70,11,81
SkyWave6335,59,9,68
SkyWave5306,87,10,87
JetFly8368,52,11,52
GlobeAir1906,61,21,63
AirNSR4313,86,13,63
GlobeAir6336,65,15,57
JetFly2750,45,27,60
GlobeAir1753,80,15,60
GlobeAir1971,83,21,61
GlobeAir5656,61,16,64
SkyWave3464,82,10,88
SkyWave6371,85,13,70
SkyWave2114,82,14,66
SkyWave6263,65,14,85
JetFly1379,52,13,52
AirNSR9657,80,5,78
PacificWings6358,41,11,50
AirNSR2509,43,22,68
PacificWings8675,78,17,78
JetFly8630,50,21,63
JetFly8439,36,25,57
AirNSR7388,49,13,69
SkyWave6351,53,9,83
JetFly3500,88,18,63
PacificWings1646,78,8,75
SkyWave4304,62,17,85
JetFly1447,64,9,79
GlobeAir1806,76,15,69
PacificWings3042,45,5,79
SkyWave4434,69,27,80
GlobeAir4129,44,15,81
PacificWings2834,76,8,66
AirNSR6811,52,10,50
SkyWave2383,74,21,79
AirNSR3305,62,10,51
SkyWave8697,53,11,64
JetFly7797,45,14,75
SkyWave6981,68,17,74
JetFly5344,59,15,76
AirNSR3364,58,8,72
SkyWave3591,62,12,75
AirNSR8793,39,16,50
AirNSR6102,50,16,50
JetFly2579,72,10,78
PacificWings3126,61,5,74
JetFly2724,82,8,58
JetFly8571,52,21,60
SkyWave6373,56,9,85
GlobeAir1786,70,18,59
SkyWave7500,50,12,57
SkyWave7646,53,13,61
AirNSR5576,31,14,84
PacificWings8476,86,10,58
GlobeAir1416,51,9,57
AirNSR5844,69,21,87
PacificWings3991,77,8,63
AirNSR4255,67,22,82
PacificWings1769,67,17,76
SkyWave7135,52,16,84
SkyWave3491,78,16,60
JetFly7386,41,12,80
JetFly1005,78,16,85
PacificWings2094,61,12,66
SkyWave7410,77,23,78
AirNSR4707,78,22,58
SkyWave4372,54,12,77
AirNSR9529,57,15,66
JetFly3045,81,20,63
JetFly1671,68,7,88
GlobeAir5769,34,16,63
PacificWings6940,73,14,62
JetFly5519,88,9,50
JetFly2361,41,11,69
SkyWave8106,49,17,73
GlobeAir9502,53,7,87
PacificWings2555,73,6,77
GlobeAir7451,43,6,86
PacificWings1610,63,15,60
AirNSR6389,88,19,52
JetFly6875,81,16,75
JetFly8507,45,15,75
JetFly7575,68,18,75
JetFly9818,52,17,52
GlobeAir6126,46,9,67
JetFly8953,43,15,84
SkyWave6288,42,12,72
PacificWings5853,73,9,64
AirNSR2483,52,15,56
PacificWings6796,63,12,61
PacificWings2346,71,17,62
JetFly1431,77,14,66
GlobeAir4538,52,11,66
GlobeAir8191,64,13,63
GlobeAir7342,51,12,71
SkyWave6245,49,15,83
PacificWings3109,38,16,67
PacificWings4732,70,12,87
GlobeAir8174,88,15,85
PacificWings1942,36,13,55
AirNSR5523,60,17,57
GlobeAir3184,56,9,83
JetFly4810,43,11,69
JetFly1111,51,9,77
PacificWings2042,49,18,72
PacificWings3938,84,18,56
AirNSR2542,79,19,59
SkyWave6624,72,13,66
JetFly9186,62,12,61
AirNSR6565,56,15,57
AirNSR1969,70,17,51
AirNSR1076,57,15,74
PacificWings7141,66,18,65
SkyWave6656,37,9,79
SkyWave9312,76,14,85
AirNSR6106,53,13,55
AirNSR9153,56,17,80
GlobeAir8338,43,15,51
GlobeAir4085,63,16,69
PacificWings2618,63,17,85
PacificWings9715,51,10,64
JetFly3219,96,13,74
AirNSR9035,57,18,66
GlobeAir6011,83,12,90
SkyWave2461,45,8,83
AirNSR1773,83,9,56
GlobeAir9329,59,10,55
SkyWave2616,38,13,76
SkyWave9114,45,11,71
JetFly1077,90,17,87
GlobeAir1733,73,19,72
GlobeAir6074,58,12,73
GlobeAir5556,63,15,85
AirNSR8358,51,15,90
AirNSR4004,49,14,73
JetFly9786,54,8,86
GlobeAir4311,24,10,66
GlobeAir8844,87,13,60
AirNSR2104,71,5,54
GlobeAir1672,44,8,89
PacificWings1232,56,27,65
GlobeAir4287,66,23,81
AirNSR4690,56,21,86
AirNSR5026,91,14,62
JetFly1929,51,8,56
SkyWave6270,55,15,63
GlobeAir1056,90,8,76
SkyWave1576,60,5,62
JetFly7336,53,16,75
GlobeAir8850,67,17,71
SkyWave7364,65,17,86
SkyWave1697,60,9,81
SkyWave6782,32,12,61
GlobeAir7364,57,21,81
PacificWings4373,58,14,75
JetFly8591,65,13,79
GlobeAir2780,72,24,77
SkyWave6532,92,15,83
SkyWave8257,65,22,81
PacificWings3553,57,18,80
SkyWave8973,42,13,81
AirNSR1351,77,11,73
SkyWave3467,58,7,86
PacificWings8317,90,21,63
PacificWings3618,62,17,73
GlobeAir3593,65,21,85
AirNSR3402,52,18,77
GlobeAir7215,76,21,54
GlobeAir3979,26,12,63
AirNSR7061,44,15,69
SkyWave2818,29,5,55
AirNSR7844,92,18,81
PacificWings1384,61,16,66
JetFly5310,62,19,88
AirNSR6454,50,15,54
AirNSR5959,63,9,87
JetFly7146,79,12,72
GlobeAir6605,75,15,64
JetFly5369,84,9,85
PacificWings2859,43,10,51
JetFly2064,61,22,85
AirNSR6589,83,5,84
JetFly2733,63,5,69
SkyWave2502,71,20,61
GlobeAir6249,59,15,77
PacificWings4048,61,11,81
GlobeAir4029,66,13,58
SkyWave9880,73,14,62
SkyWave4064,47,7,62
JetFly7754,32,21,88
SkyWave9692,53,16,88
GlobeAir6639,86,12,50
JetFly6922,50,14,81
GlobeAir6867,60,24,75
PacificWings4117,83,18,57
JetFly7606,81,14,73
GlobeAir1401,64,13,51
GlobeAir3830,40,21,52
SkyWave5438,67,15,56
PacificWings5549,59,7,54
GlobeAir3618,45,16,55
GlobeAir5740,52,13,64
GlobeAir1212,58,11,89
PacificWings2996,45,6,56
SkyWave7054,57,18,71
SkyWave4431,35,14,69
JetFly6582,64,10,83
PacificWings4750,81,13,50
AirNSR6135,58,14,69
PacificWings9043,33,20,68
JetFly3344,45,13,61
JetFly6835,68,22,62
GlobeAir6147,43,12,76
PacificWings2972,80,17,66
JetFly5066,70,9,81
SkyWave5851,54,14,89
SkyWave8318,47,6,60
JetFly8470,52,21,54
PacificWings3105,60,21,66
GlobeAir7042,62,11,87
JetFly7480,79,16,88
PacificWings1645,74,9,50
SkyWave3483,75,20,55
JetFly6540,64,10,50
AirNSR9596,59,18,83
SkyWave8348,63,18,75
PacificWings1396,75,11,56
SkyWave3255,42,14,74
AirNSR9359,55,18,66
SkyWave1589,43,20,79
PacificWings7031,80,15,88
PacificWings5610,60,11,51
PacificWings5198,51,12,69
GlobeAir1472,81,14,90
AirNSR7348,40,16,88
SkyWave5970,72,14,86
SkyWave9373,82,18,55
SkyWave9185,44,12,71
GlobeAir8867,63,6,80
AirNSR1511,65,6,64
JetFly8291,75,19,83
GlobeAir7108,67,11,51
AirNSR5948,62,12,74
GlobeAir3860,44,13,79
PacificWings5475,70,15,89
SkyWave2067,81,18,86
GlobeAir3867,69,6,74
JetFly8850,55,9,79
SkyWave8339,57,11,64
PacificWings9004,54,20,74
GlobeAir8741,67,20,78
SkyWave6254,35,15,61
JetFly5791,74,22,52
AirNSR5148,36,13,87
PacificWings3691,75,14,75
SkyWave3285,46,7,57
PacificWings1687,45,6,52
SkyWave4715,60,19,61
PacificWings7471,41,16,62
AirNSR4699,72,14,79
AirNSR9113,35,16,61
JetFly4428,59,14,77
JetFly2983,51,15,69
AirNSR7912,67,26,64
JetFly4415,61,22,61
PacificWings1686,65,14,53
GlobeAir7287,62,8,73
GlobeAir1447,64,5,82
AirNSR2359,47,15,74
PacificWings8688,77,22,86
SkyWave7727,56,15,86
PacificWings8281,74,8,78
GlobeAir9776,66,10,60
SkyWave8401,57,12,67
AirNSR3536,66,17,73
SkyWave7172,73,16,89
GlobeAir4747,62,24,80
PacificWings1387,37,23,56
JetFly9904,55,17,73
GlobeAir2096,55,11,73
SkyWave3253,67,20,78
GlobeAir9944,67,12,89
PacificWings7770,114,20,62
GlobeAir1183,74,13,60
PacificWings9692,50,13,81
GlobeAir4498,76,10,79
GlobeAir9870,43,17,50
AirNSR8826,64,11,57
JetFly4692,43,22,57
GlobeAir1453,65,8,71
SkyWave8853,40,13,69
SkyWave9540,70,17,89
GlobeAir2086,76,7,56
JetFly5544,63,22,79
PacificWings6359,79,16,81
PacificWings3248,95,18,63
PacificWings2031,75,15,90
PacificWings4732,48,10,61
JetFly4143,62,13,76
GlobeAir4085,33,9,50
PacificWings6261,55,18,87
SkyWave4370,59,14,77
GlobeAir5435,45,15,82
AirNSR5137,79,15,71
AirNSR4095,37,8,76
PacificWings7889,68,13,82
PacificWings2770,58,11,85
AirNSR6920,67,13,84
PacificWings5397,57,10,85
AirNSR1161,73,13,76
SkyWave4611,69,9,54
SkyWave1376,86,21,52
SkyWave9875,31,10,83
JetFly8966,67,8,71
PacificWings3713,58,17,88
GlobeAir7335,57,17,80
GlobeAir8250,49,5,62
PacificWings5451,74,19,72
GlobeAir9315,97,5,82
SkyWave2267,71,5,74
JetFly7637,86,17,80
PacificWings8695,45,18,87
GlobeAir6655,51,16,68
GlobeAir2465,63,23,63
GlobeAir3590,87,12,62
PacificWings4206,75,16,76
SkyWave2513,38,11,67
GlobeAir3441,95,16,67
SkyWave7708,74,13,81
PacificWings1854,51,15,53
SkyWave4870,56,7,60
JetFly3928,44,18,74
SkyWave3502,54,15,62
JetFly9409,63,16,59
AirNSR8685,77,9,81
JetFly8576,68,18,75
PacificWings1692,74,7,81
GlobeAir7471,63,23,77
JetFly7638,58,17,72
SkyWave1596,71,9,88
PacificWings7756,87,17,75
SkyWave1262,67,6,66
SkyWave5947,71,17,71
JetFly8975,84,13,83
GlobeAir3136,45,11,78
JetFly7128,52,9,74
AirNSR5816,79,21,74
AirNSR6775,57,13,89
SkyWave5417,32,18,66
AirNSR8345,84,11,87
JetFly5668,58,17,90
GlobeAir8100,85,15,66
PacificWings2102,62,15,78
SkyWave3329,38,7,55
AirNSR1721,47,20,72
GlobeAir3484,54,12,72
SkyWave1613,51,14,90
GlobeAir2871,85,14,65
GlobeAir5228,48,15,67
PacificWings5570,86,12,78
JetFly9336,42,12,66
JetFly5221,61,18,70
SkyWave8607,75,9,52
GlobeAir7869,45,13,90
GlobeAir2086,70,8,58
GlobeAir8752,50,12,66
GlobeAir7493,74,17,51
SkyWave3701,73,21,73
AirNSR2345,55,9,65
SkyWave1841,42,5,78
JetFly2433,53,13,81
PacificWings2349,71,15,60
GlobeAir2761,52,14,88
JetFly3271,44,20,50
AirNSR9133,48,9,85
SkyWave8744,72,17,67
GlobeAir4852,34,19,83
AirNSR2301,48,13,89
SkyWave2203,62,17,75
GlobeAir7715,66,14,70
JetFly3564,53,17,64
GlobeAir4056,58,24,89
GlobeAir3177,68,10,66
SkyWave1121,52,15,71
SkyWave1688,79,22,51
SkyWave3957,54,10,65
PacificWings7111,44,16,78
SkyWave4458,94,17,72
PacificWings4222,36,11,67
GlobeAir1729,50,10,85
GlobeAir7836,54,16,52
GlobeAir5336,70,20,80
JetFly7468,67,5,83
SkyWave7504,44,14,50
PacificWings9954,62,19,73
GlobeAir4496,60,15,64
PacificWings6383,63,13,84
GlobeAir1338,61,20,63
JetFly7808,58,14,62
JetFly9885,59,21,84
SkyWave2081,43,23,73
PacificWings8623,42,11,75
JetFly2507,71,20,87
AirNSR2415,38,9,62
SkyWave8842,64,26,61
AirNSR9395,78,13,88
PacificWings2096,23,15,57
SkyWave1687,65,13,65
JetFly6549,47,15,76
PacificWings9528,45,24,88
PacificWings6582,82,18,74
GlobeAir5807,61,11,69
JetFly7219,59,23,83
JetFly2230,73,16,52
JetFly6369,73,17,67
PacificWings2640,65,19,51
AirNSR3992,67,19,80
JetFly9868,62,13,64
GlobeAir1667,51,11,79
SkyWave2126,35,10,63
GlobeAir9879,45,12,53
AirNSR6473,83,14,67
AirNSR8705,63,16,55
AirNSR9568,83,12,72
SkyWave7364,56,14,50
GlobeAir5713,77,21,74
PacificWings9153,67,21,63
SkyWave4020,62,14,61
SkyWave5095,77,17,66
JetFly2845,48,19,51
GlobeAir2752,56,13,70
JetFly6326,73,14,56
SkyWave3390,65,18,52
GlobeAir9010,48,16,59
SkyWave2006,80,10,76
JetFly3305,66,10,73
PacificWings2069,75,20,83
SkyWave5515,54,26,64
SkyWave1280,76,18,84
PacificWings3370,69,19,78
JetFly9462,45,15,90
SkyWave5633,65,12,87
PacificWings3997,66,21,77
PacificWings7876,53,14,63
JetFly7960,47,6,62
PacificWings6847,71,14,68
JetFly1750,60,10,75
SkyWave8058,57,20,79
SkyWave7729,60,15,67
AirNSR9987,63,8,77
AirNSR5201,69,8,67
SkyWave2531,45,9,75
PacificWings9796,57,13,77
GlobeAir4544,59,10,52
PacificWings5549,75,19,65
PacificWings3691,57,12,63
SkyWave3819,51,13,58
SkyWave4238,38,10,81
PacificWings3203,72,16,62
GlobeAir3521,84,13,86
AirNSR9733,54,12,89
AirNSR3518,55,11,80
JetFly9523,64,15,66
JetFly8422,52,21,57
JetFly6172,88,20,71
GlobeAir9772,68,18,88
AirNSR4764,87,18,59
SkyWave1865,51,16,53
AirNSR9329,69,10,86
PacificWings9807,55,20,68
AirNSR8007,32,8,54
PacificWings3421,57,16,53
AirNSR6273,39,14,55
AirNSR1542,77,15,51
AirNSR6283,74,12,61
GlobeAir9831,47,19,90
JetFly6125,65,9,81
JetFly3609,47,22,77
GlobeAir9556,46,19,52
JetFly7216,52,14,80
PacificWings1800,64,5,84
AirNSR6922,38,15,57
AirNSR4863,49,19,88
JetFly1802,35,17,70
AirNSR1645,39,13,57
PacificWings8537,44,24,75
SkyWave3060,39,14,69
JetFly9660,34,22,83
SkyWave9969,66,15,66
SkyWave9656,82,15,87
SkyWave7554,63,15,79
GlobeAir5875,68,12,80
JetFly9656,56,19,86
AirNSR8568,64,14,90
JetFly1693,38,22,80
JetFly9904,50,19,62
GlobeAir6041,62,8,83
PacificWings1368,78,16,62
PacificWings3923,80,14,65
JetFly1615,70,6,51
SkyWave6817,52,8,77
GlobeAir4635,54,17,55
PacificWings8642,50,19,66
SkyWave9070,47,19,66
GlobeAir1569,79,20,63
JetFly7378,54,5,70
AirNSR1174,68,14,78
PacificWings2748,45,12,73
PacificWings1214,81,9,67
JetFly5647,67,16,80
SkyWave7418,54,18,83
AirNSR3018,84,13,87
GlobeAir9681,56,18,63
SkyWave3795,73,14,71
SkyWave8393,55,5,51
AirNSR5816,48,9,72
JetFly1348,70,13,61
PacificWings2572,55,14,76
AirNSR9523,46,22,52
AirNSR7328,79,23,61
AirNSR3875,70,14,79
PacificWings4004,84,11,51
SkyWave4454,46,11,75
PacificWings1081,67,11,83
GlobeAir9660,57,6,80
PacificWings3033,67,7,71
PacificWings1778,46,21,77
JetFly3978,77,16,80
PacificWings7893,64,12,53
PacificWings8474,48,13,80
PacificWings7293,37,16,55
AirNSR9199,60,10,90
JetFly3314,83,18,84
GlobeAir1376,70,12,57
GlobeAir1500,59,18,60
PacificWings4610,62,23,88
SkyWave1286,56,12,61
SkyWave8113,69,8,65
PacificWings3402,73,8,75
JetFly7667,69,11,56
AirNSR3387,67,19,63
JetFly4146,62,9,86
PacificWings5454,46,11,57
AirNSR1106,31,20,58
AirNSR1903,61,9,62
PacificWings6486,81,11,81
JetFly2312,63,10,79
SkyWave9549,29,8,66
JetFly4612,53,19,73
JetFly7401,65,15,88
GlobeAir3130,29,21,87
GlobeAir8768,63,14,83
AirNSR5317,76,21,69
AirNSR4199,77,13,56
JetFly6863,44,19,63
AirNSR8606,39,24,65
PacificWings3676,60,9,81
PacificWings6206,41,8,76
GlobeAir2986,62,14,82
JetFly6031,41,13,78
AirNSR3307,39,17,50
GlobeAir5512,59,13,71
AirNSR7526,40,13,82
PacificWings3790,53,16,50
PacificWings9785,62,18,81
SkyWave9947,52,5,87
SkyWave9836,74,10,54
GlobeAir1477,43,14,52
GlobeAir9922,64,12,90
GlobeAir9134,51,13,75
JetFly1036,81,14,73
JetFly3608,45,10,57
PacificWings8328,56,16,51
PacificWings3854,67,15,77
PacificWings1646,47,12,67
JetFly9957,71,9,52
PacificWings4765,53,17,81
PacificWings5781,73,14,52
PacificWings2081,53,8,79
GlobeAir1586,67,21,83
GlobeAir8333,98,16,63
AirNSR8405,59,10,84
GlobeAir9108,31,15,69
PacificWings8151,95,21,78
JetFly9456,76,16,83
JetFly9591,65,5,67
JetFly1849,71,12,82
GlobeAir6437,49,13,62
SkyWave6613,54,11,50
GlobeAir7456,60,12,64
SkyWave9727,61,7,66
SkyWave9948,56,9,83
JetFly4057,50,15,72
GlobeAir3747,35,10,79
JetFly9679,68,7,63
AirNSR7409,86,21,77
PacificWings6314,52,11,71
JetFly4673,63,7,68
PacificWings2220,29,12,50
PacificWings6465,57,15,68
SkyWave7463,50,21,66
JetFly4314,37,9,89
GlobeAir8796,67,9,58
AirNSR1263,41,15,80
JetFly2427,44,14,61
AirNSR9580,49,10,82
JetFly6914,28,15,53
GlobeAir3667,41,14,89
PacificWings9297,52,13,50
SkyWave9072,57,15,62
PacificWings7913,49,21,57
SkyWave5989,32,13,78
SkyWave1102,72,17,85
PacificWings4802,45,10,82
AirNSR4413,44,17,65
GlobeAir3984,48,16,74
PacificWings7276,63,26,66
GlobeAir8356,64,10,65
SkyWave7001,38,13,55
PacificWings4578,58,5,77
SkyWave4279,49,16,81
AirNSR1966,52,19,83
JetFly9020,36,18,70
PacificWings3704,73,19,89
SkyWave6735,36,16,82
PacificWings5352,49,7,67
JetFly3333,53,10,66
SkyWave2675,73,17,67
GlobeAir3876,42,11,52
PacificWings4049,54,14,85
PacificWings4507,75,18,85
AirNSR5967,60,13,86
SkyWave9850,33,21,70
GlobeAir8586,53,22,87
PacificWings6449,62,25,63
SkyWave8320,69,7,51
AirNSR3655,50,14,62
GlobeAir2843,46,13,61
PacificWings4981,39,15,90
GlobeAir1889,63,9,52
PacificWings9010,89,15,79
GlobeAir6723,47,6,90
PacificWings7460,60,13,73
SkyWave7354,71,14,77
SkyWave2533,42,23,50
JetFly1393,66,13,71
SkyWave1928,62,17,59
AirNSR4447,38,15,77
GlobeAir1793,53,17,89
GlobeAir8644,48,11,89
AirNSR2846,84,21,53
AirNSR1522,20,20,57
GlobeAir5074,58,11,73
GlobeAir6526,44,10,60
PacificWings2697,49,9,63
PacificWings7468,39,9,52
JetFly3205,64,15,58
SkyWave7008,68,14,88
SkyWave6656,40,17,88
GlobeAir2943,44,18,89
JetFly9841,42,11,75
JetFly2227,54,18,74
AirNSR6928,62,15,62
AirNSR3725,88,5,64
AirNSR7755,44,9,51
JetFly6233,33,11,88
AirNSR5091,70,12,60
GlobeAir8396,55,6,65
GlobeAir6702,48,12,72
GlobeAir2743,69,6,75
PacificWings1973,53,20,72
PacificWings4765,53,5,66
GlobeAir3652,79,18,50
JetFly8336,73,6,65
JetFly1996,82,11,51
AirNSR5038,52,11,78
JetFly6916,74,14,88
SkyWave2871,67,15,87
PacificWings9652,58,10,57
AirNSR4351,87,7,72
PacificWings7595,66,16,67
GlobeAir3439,77,21,53
GlobeAir1310,57,17,61
JetFly6412,86,14,79
GlobeAir8956,44,13,63
PacificWings4865,40,16,60
PacificWings1049,75,14,51
AirNSR5186,35,20,57
GlobeAir7471,33,7,59
GlobeAir8192,57,16,90
AirNSR7731,66,14,88
GlobeAir8862,86,15,72
GlobeAir3998,75,18,63
PacificWings2866,40,14,55
SkyWave8058,91,12,85
PacificWings3810,49,15,70
JetFly2557,52,11,50
PacificWings9404,52,22,51
AirNSR2368,57,8,68
JetFly9326,37,26,58
PacificWings3264,56,17,62
PacificWings8214,48,16,55
AirNSR5251,81,11,84
SkyWave4095,66,7,58
SkyWave9370,90,16,52
PacificWings9268,53,13,74
AirNSR5376,52,12,83
PacificWings7938,23,14,58
SkyWave3900,57,17,53
GlobeAir6800,52,11,69
PacificWings7908,59,6,83
PacificWings8033,62,5,57
GlobeAir1190,76,18,52
PacificWings4983,46,18,86
PacificWings4637,61,9,65
GlobeAir3252,29,16,53
GlobeAir2116,48,20,72
SkyWave2850,60,11,69
SkyWave7674,86,17,83
JetFly4056,20,12,68
AirNSR7563,39,11,78
JetFly9119,57,16,63
AirNSR4166,63,20,83
GlobeAir8933,69,17,72
PacificWings1685,63,21,78
SkyWave2587,55,13,81
SkyWave6348,31,20,88
PacificWings7917,58,29,78
PacificWings8214,53,15,63
JetFly6575,68,9,87
SkyWave3958,65,15,83
AirNSR6755,55,20,59
SkyWave9811,46,16,67
SkyWave2638,81,11,71
GlobeAir1125,55,26,90
JetFly9689,67,12,70
GlobeAir5488,72,12,65
GlobeAir5294,36,21,83
GlobeAir8259,43,27,56
JetFly4616,52,25,73
SkyWave7054,39,20,55
GlobeAir6513,67,19,84
PacificWings6685,74,12,60
AirNSR3865,40,14,81
GlobeAir6089,63,12,59
AirNSR2698,64,16,62
JetFly9739,46,16,82
AirNSR2775,55,11,58
SkyWave4209,71,11,77
GlobeAir1223,53,15,67
GlobeAir2247,80,15,58
JetFly4748,67,13,87
GlobeAir9721,58,14,72
JetFly5337,64,13,56
SkyWave9248,80,13,82
JetFly6005,34,28,71
SkyWave2256,55,21,61
JetFly9802,81,19,73
GlobeAir8182,57,16,73
GlobeAir3780,40,24,79
AirNSR8778,47,13,76
PacificWings7341,61,14,83
AirNSR7334,50,21,83
JetFly4759,74,16,55
PacificWings2132,54,20,71
GlobeAir6658,53,22,71
JetFly5290,61,21,87
JetFly2080,58,15,52
SkyWave3020,78,25,65
GlobeAir7972,83,19,53
AirNSR6014,68,12,82
JetFly8363,64,10,57
PacificWings9854,65,17,86
PacificWings4709,30,15,77
AirNSR3473,66,14,89
PacificWings4442,65,8,71
PacificWings4474,48,20,69
SkyWave4768,60,16,66
GlobeAir8110,51,15,82
PacificWings8878,25,19,79
SkyWave7105,87,9,74
PacificWings5740,45,17,56
GlobeAir5527,82,14,71
JetFly2600,41,13,50
SkyWave1057,44,11,68
JetFly1320,55,10,82
AirNSR1213,48,15,85
JetFly1025,63,7,68
JetFly8691,65,13,87
SkyWave8043,70,18,57
PacificWings7639,51,18,70
SkyWave9846,47,21,51
GlobeAir2190,48,16,82
GlobeAir2270,57,9,86
SkyWave3072,73,11,58
GlobeAir9552,34,5,66
PacificWings1095,46,21,68
JetFly6498,78,11,76
AirNSR3260,54,12,68
AirNSR9877,39,10,52
GlobeAir3257,74,17,65
JetFly9392,64,8,71
JetFly5364,61,5,51
JetFly8964,72,16,78
SkyWave3069,39,23,76
AirNSR2038,33,17,88
GlobeAir3812,68,8,73
SkyWave6375,59,6,72
SkyWave3636,20,9,72
AirNSR7381,50,18,88
PacificWings1966,61,15,63
SkyWave8599,44,12,73
JetFly4725,46,8,71
AirNSR8575,51,15,82
GlobeAir5201,51,13,82
JetFly4719,70,12,54
SkyWave7752,39,17,53
AirNSR7773,63,16,82
JetFly9821,69,17,58
AirNSR3518,60,26,59
SkyWave6897,40,12,78
GlobeAir9682,74,15,78
AirNSR8033,71,15,71
JetFly9879,80,9,69
SkyWave7268,80,20,78
JetFly1869,41,18,78
JetFly8356,59,11,90
SkyWave4374,31,9,81
JetFly6317,70,19,81
AirNSR4826,56,19,67
AirNSR1312,74,15,73
GlobeAir1884,49,17,86
JetFly4830,67,18,61
AirNSR3215,72,8,73
JetFly1975,52,5,68
AirNSR6234,71,13,57
PacificWings5253,66,7,58
AirNSR8257,81,9,63
PacificWings6999,71,15,82
JetFly4542,57,13,78
JetFly3065,50,21,59
AirNSR2179,60,8,68
JetFly3855,54,15,87
JetFly3400,73,11,65
GlobeAir1213,51,15,80
AirNSR2207,73,8,88
SkyWave8847,67,12,80
SkyWave5734,55,25,89
GlobeAir8511,57,18,52
JetFly1181,70,9,51
GlobeAir4008,32,19,81
AirNSR4060,43,6,53
AirNSR1249,75,9,68
JetFly5002,48,24,71
AirNSR2448,35,8,73
AirNSR5613,53,13,88
GlobeAir6296,46,9,68
GlobeAir6106,82,16,85
GlobeAir3935,68,14,69
AirNSR5191,64,19,86
AirNSR8289,45,16,76
PacificWings1100,70,22,79
SkyWave2106,89,15,66
AirNSR6997,77,5,56
GlobeAir4464,83,11,77
JetFly8598,56,17,77
AirNSR1824,57,15,58
SkyWave2100,83,13,62
GlobeAir3824,43,24,86
PacificWings3262,67,24,71
SkyWave5825,72,8,76
AirNSR5128,69,10,81
SkyWave9599,60,14,57
AirNSR3073,35,10,59
SkyWave4588,93,16,71
AirNSR4992,57,24,73
JetFly1770,54,14,87
JetFly4781,74,12,64
AirNSR9802,48,5,71
PacificWings2468,45,10,51
AirNSR3607,62,11,60
JetFly5062,92,9,78
SkyWave2329,81,16,77
JetFly7649,72,18,78
GlobeAir1664,26,14,66
PacificWings9390,56,9,89
JetFly5923,66,23,51
PacificWings4089,20,12,74
GlobeAir3740,41,15,69
AirNSR2449,55,11,57
JetFly6252,70,23,59
PacificWings9077,99,11,59
SkyWave6097,32,17,81
SkyWave3195,84,19,59
PacificWings4864,84,13,80
SkyWave2270,50,15,75
JetFly5375,55,18,73
JetFly9181,74,20,62
JetFly4266,67,16,54
GlobeAir7335,71,5,68
SkyWave2295,63,15,73
PacificWings6440,63,14,57
GlobeAir3336,66,12,90
SkyWave2848,76,17,62
PacificWings2944,62,11,67
AirNSR5338,72,16,56
JetFly6189,48,14,81
SkyWave8502,69,17,90
GlobeAir9697,67,15,53
GlobeAir2513,75,21,53
SkyWave8093,71,12,71
AirNSR2842,44,12,68
PacificWings7732,89,16,73
PacificWings8044,91,14,71
AirNSR5565,56,14,85
PacificWings2030,58,11,65
AirNSR1414,42,17,68
JetFly4052,75,27,72
PacificWings5933,53,13,72
AirNSR9099,48,20,89
JetFly6751,72,10,71
PacificWings4055,46,19,73
PacificWings6771,65,18,77
SkyWave4114,46,5,61
SkyWave6800,46,18,57
JetFly1569,91,12,77
AirNSR9379,94,19,85
PacificWings3595,39,16,63
SkyWave7495,72,5,63
PacificWings3996,69,20,73
PacificWings5231,65,14,80
SkyWave3378,57,13,76
PacificWings1276,42,11,76
SkyWave4016,53,15,82
JetFly4458,51,10,53
SkyWave2092,71,16,85
JetFly2712,51,17,89
JetFly2999,53,15,72
SkyWave7313,74,11,50
GlobeAir4755,42,14,69
JetFly8801,39,13,87
AirNSR7034,55,5,55
JetFly6405,67,14,51
PacificWings7159,77,16,82
JetFly4028,71,20,76
JetFly3764,58,14,53
AirNSR3227,36,21,68
SkyWave8045,57,9,62
GlobeAir1595,71,5,55
GlobeAir8927,53,19,80
SkyWave8173,53,11,55
PacificWings8784,53,5,73
PacificWings6058,70,14,71
JetFly6058,55,13,80
SkyWave3042,60,18,85
AirNSR6719,59,8,70
JetFly8863,68,17,60
GlobeAir7482,63,20,55
PacificWings8337,60,20,90
GlobeAir4298,81,17,87
AirNSR1377,48,14,79
SkyWave1616,78,7,87
GlobeAir8231,54,13,64
PacificWings7228,47,19,64
GlobeAir1130,65,11,75
GlobeAir7775,69,14,85
PacificWings5751,46,11,74
GlobeAir8120,66,19,52
SkyWave6036,52,17,89
PacificWings5007,83,8,65
JetFly4709,65,19,54
PacificWings3807,58,21,76
SkyWave8815,92,16,52
AirNSR1130,56,19,83
GlobeAir1710,72,5,86
GlobeAir7070,59,13,83
AirNSR5004,65,14,82
GlobeAir2050,58,10,84
JetFly2747,71,23,72
JetFly9663,47,8,51
AirNSR8049,60,14,55
JetFly4099,77,8,52
SkyWave9880,51,5,73
SkyWave7674,80,16,73
JetFly4000,53,8,85
GlobeAir7810,41,17,62
PacificWings6141,43,15,88
AirNSR8983,90,13,55
JetFly4405,45,16,55
AirNSR3676,41,23,56
JetFly3612,81,14,73
SkyWave1152,46,12,63
SkyWave4349,55,16,61
GlobeAir8224,75,9,52
AirNSR8168,75,18,60
JetFly5081,52,9,75
SkyWave4781,61,9,68
SkyWave5437,75,9,53
PacificWings1268,68,14,52
JetFly1853,51,14,89
PacificWings8578,76,9,62
GlobeAir2734,53,11,65
PacificWings4725,59,11,63
PacificWings2050,33,9,86
JetFly7312,84,16,77
SkyWave8953,63,13,65
SkyWave2633,59,12,81
PacificWings1687,67,15,87
AirNSR2211,42,16,52
SkyWave3474,23,17,61
SkyWave6215,38,14,50
GlobeAir5170,42,15,65
JetFly5739,68,22,84
JetFly7266,36,19,85
SkyWave5749,61,12,90
GlobeAir9332,71,13,78
AirNSR7130,70,10,83
PacificWings6131,50,19,60
GlobeAir7998,82,14,54
SkyWave5391,20,14,85
SkyWave6876,60,13,84
JetFly9892,65,12,89
PacificWings3583,72,9,63
SkyWave1688,78,22,83
SkyWave8590,46,10,69
AirNSR8069,66,9,68
PacificWings6564,52,20,78
AirNSR1714,71,24,83
SkyWave3487,62,11,56
PacificWings2845,60,14,76
GlobeAir7577,57,14,78
JetFly9802,46,16,77
AirNSR7361,38,11,75
GlobeAir5006,58,5,65
GlobeAir6092,71,5,67
AirNSR3308,70,8,58
JetFly2047,53,17,50
AirNSR5610,92,15,84
AirNSR8717,30,19,64
PacificWings5549,56,15,69
AirNSR1326,68,5,82
SkyWave1034,60,12,55
JetFly4168,78,18,61
JetFly3940,35,21,68
AirNSR6820,66,7,61
SkyWave2023,60,20,75
GlobeAir8145,41,21,77
PacificWings7313,37,11,68
PacificWings6508,45,21,80
GlobeAir5992,52,9,67
SkyWave4295,66,18,59
JetFly4061,70,13,76
GlobeAir8901,63,11,69
PacificWings3736,85,20,67
PacificWings3087,76,18,51
AirNSR6772,67,8,66
JetFly6733,69,15,79
GlobeAir7174,78,19,85
JetFly2543,68,6,62
PacificWings3662,58,12,60
AirNSR8280,63,12,81
GlobeAir3338,55,17,88
AirNSR8174,53,15,77
PacificWings8492,37,10,76
PacificWings5656,69,8,65
PacificWings5952,78,19,78
PacificWings6625,55,29,88
AirNSR7239,78,10,70
SkyWave9433,71,15,83
SkyWave7528,48,9,55
PacificWings2002,74,12,85
PacificWings2710,58,10,80
AirNSR6404,48,14,78
PacificWings8761,65,5,69
AirNSR3447,60,11,67
AirNSR6651,81,29,89
JetFly4330,54,6,86
PacificWings4138,61,13,60
GlobeAir1319,89,23,69
AirNSR2851,72,12,74
JetFly5964,70,16,83
GlobeAir5493,63,7,78
SkyWave5929,75,15,55
PacificWings8146,58,11,69
SkyWave3046,48,16,66
GlobeAir1481,33,18,74
PacificWings5727,44,5,89
SkyWave2579,87,10,63
SkyWave5709,49,20,86
AirNSR1054,87,7,89
GlobeAir4880,45,10,71
PacificWings9938,74,23,65
PacificWings6320,43,22,55
SkyWave6122,49,16,70
PacificWings2376,40,14,71
AirNSR6951,58,13,77
GlobeAir4773,65,9,75
JetFly2837,46,17,69
GlobeAir4267,80,14,59
SkyWave9000,67,18,62
GlobeAir2362,72,10,89
GlobeAir1613,48,11,67
AirNSR6777,88,17,50
PacificWings8123,66,16,59
GlobeAir6009,40,24,90
GlobeAir9386,67,18,74
GlobeAir8837,33,18,87
GlobeAir7207,54,8,50
SkyWave7488,45,8,85
JetFly6594,40,15,86
PacificWings6575,54,16,74
JetFly3682,85,14,67
JetFly5710,26,13,87
PacificWings5874,77,14,74
JetFly9032,82,17,74
AirNSR1841,32,15,76
PacificWings2212,64,20,83
GlobeAir2342,87,19,54
JetFly5303,66,18,57
GlobeAir9132,57,7,84
SkyWave1486,60,16,61
AirNSR2342,41,21,58
JetFly6514,75,8,86
PacificWings3734,80,13,59
SkyWave7966,48,20,65
PacificWings9822,59,24,90
SkyWave3073,47,6,58
PacificWings2307,55,18,67
GlobeAir6036,46,8,74
AirNSR1967,63,7,85
AirNSR1699,64,13,81
SkyWave7561,67,8,58
GlobeAir3291,79,14,61
GlobeAir5019,71,19,53
JetFly9921,42,19,64
GlobeAir5035,38,8,79
PacificWings8984,89,20,63
AirNSR7223,91,13,64
PacificWings4931,61,17,81
PacificWings7911,59,11,85
SkyWave9539,46,16,67
AirNSR1572,43,9,53
GlobeAir5351,65,14,74
PacificWings1020,74,12,54
GlobeAir4416,51,17,63
JetFly5433,47,11,82
SkyWave1354,50,13,76
JetFly1058,86,8,81
PacificWings9341,79,18,69
AirNSR4885,83,30,83
SkyWave1348,81,19,70
AirNSR4327,40,9,81
PacificWings9084,65,6,82
SkyWave4513,69,5,65
AirNSR4810,77,13,53
SkyWave9399,61,11,66
JetFly5333,31,21,71
SkyWave2392,80,13,70
AirNSR5399,69,13,87
PacificWings5458,64,18,74
PacificWings2233,68,21,70
SkyWave5539,67,15,78
GlobeAir3474,48,12,75
SkyWave7114,72,7,73
JetFly1229,76,13,79
PacificWings1845,47,9,82
GlobeAir4524,70,14,74
SkyWave1918,83,8,85
GlobeAir7784,51,14,50
PacificWings1510,48,15,53
AirNSR2569,64,17,72
AirNSR1425,82,8,71
GlobeAir3812,65,11,54
PacificWings1675,66,17,58
SkyWave4041,45,10,75
GlobeAir2832,67,15,90
GlobeAir1103,56,18,80
SkyWave5940,70,12,77
AirNSR3360,47,8,66
SkyWave1278,60,7,90
SkyWave7157,61,21,66
JetFly2546,54,12,88
PacificWings5916,89,22,66
JetFly9848,48,15,63
PacificWings2809,64,16,76
JetFly9779,87,15,64
GlobeAir3079,63,18,60
PacificWings5411,77,19,79
GlobeAir2451,68,7,52
PacificWings3140,52,19,73
PacificWings4303,63,19,76
JetFly9852,88,9,56
PacificWings3584,77,13,66
GlobeAir4071,74,14,77
GlobeAir3431,91,15,72
SkyWave1032,50,17,62
JetFly7607,64,20,66
PacificWings9537,66,27,66
AirNSR2512,58,14,61
SkyWave8483,50,15,52
PacificWings6518,63,16,53
GlobeAir5013,61,11,68
PacificWings5543,46,13,59
GlobeAir2351,77,21,55
PacificWings7051,58,10,82
SkyWave1297,58,25,77
JetFly4918,74,17,78
PacificWings5102,74,22,66
AirNSR2564,42,13,79
AirNSR9306,52,17,56
JetFly1018,62,18,73
AirNSR9140,52,21,58
SkyWave7743,58,18,53
AirNSR1137,77,20,65
SkyWave6439,65,19,70
JetFly6668,86,17,55
AirNSR8612,49,17,90
AirNSR1881,59,5,86
AirNSR1485,66,15,55
AirNSR6748,77,11,86
AirNSR9155,37,15,83
JetFly7255,65,15,72
GlobeAir4584,60,9,51
JetFly4876,57,13,71
GlobeAir3439,76,16,76
GlobeAir7714,55,23,73
GlobeAir4002,55,17,90
GlobeAir6752,57,23,56
PacificWings8240,61,15,65
GlobeAir8652,57,15,64
AirNSR1598,77,19,70
GlobeAir5937,60,23,85
JetFly1878,73,12,70
SkyWave2423,39,12,53
SkyWave6847,66,17,84
JetFly2440,80,9,55
PacificWings2315,53,9,90
SkyWave6025,39,11,66
PacificWings3928,65,18,62
PacificWings1380,45,10,61
AirNSR1716,33,16,61
AirNSR4055,49,23,86
PacificWings7944,66,14,82
GlobeAir1866,50,7,80
AirNSR8319,39,11,77
AirNSR4438,49,10,76
AirNSR8645,65,17,63
SkyWave6812,53,24,61
JetFly8645,33,15,81
AirNSR4375,56,12,87
AirNSR8742,49,14,53
GlobeAir3254,56,13,67
AirNSR7991,40,6,58
SkyWave4322,55,12,63
PacificWings4243,57,14,63
PacificWings2737,52,13,85
JetFly6765,47,22,56
JetFly4181,48,13,50
AirNSR7401,49,11,75
PacificWings6773,60,14,52
JetFly2086,53,13,82
SkyWave2465,49,17,89
SkyWave7363,90,10,54
AirNSR9563,65,15,81
PacificWings9817,70,18,52
AirNSR4610,63,14,52
AirNSR1253,53,11,73
GlobeAir8803,58,8,59
SkyWave6406,51,20,58
AirNSR2941,61,19,88
GlobeAir9283,82,14,55
PacificWings6520,63,13,83
GlobeAir6398,47,10,67
GlobeAir9301,72,16,72
PacificWings8567,87,19,79
JetFly8129,49,19,68
JetFly2059,55,21,87
GlobeAir3007,52,9,76
PacificWings4766,48,11,73
SkyWave9684,47,12,89
JetFly9245,72,23,88
PacificWings3830,40,21,51
SkyWave8387,52,16,71
GlobeAir8022,35,17,58
SkyWave3356,29,16,80
PacificWings7568,63,15,51
SkyWave9667,48,17,61
AirNSR5313,65,13,72
AirNSR6482,70,14,89
PacificWings3372,67,14,89
PacificWings8362,63,17,77
GlobeAir8376,54,8,56
JetFly6640,64,20,57
SkyWave9633,64,16,68
SkyWave8461,59,18,63
GlobeAir2692,57,12,70
GlobeAir2977,76,12,82
SkyWave9899,73,20,62
PacificWings4812,68,8,52
AirNSR4396,60,13,69
PacificWings1227,52,15,50
AirNSR7919,71,12,90
SkyWave2317,57,13,80
AirNSR5771,77,13,80
SkyWave5158,41,7,73
SkyWave5565,65,11,57
PacificWings1532,70,8,64
PacificWings6325,51,8,52
SkyWave9081,66,18,77
SkyWave6702,65,9,54
SkyWave8052,48,16,50
SkyWave5976,34,13,88
JetFly1383,82,14,59
GlobeAir9112,37,11,58
AirNSR2692,50,25,56
JetFly5903,84,18,75
PacificWings4689,54,21,85
AirNSR3748,42,20,87
JetFly6636,73,14,79
JetFly1547,77,12,68
JetFly4410,41,19,71
JetFly5035,58,18,62
AirNSR6682,87,11,79
JetFly2482,57,22,57
JetFly3193,70,11,68
SkyWave2232,45,12,78
AirNSR1243,48,16,65
SkyWave8342,61,16,59
AirNSR4753,47,14,52
GlobeAir5490,29,15,68
JetFly7276,77,7,65
AirNSR8349,67,11,55
JetFly6167,72,15,89
AirNSR6797,66,15,58
SkyWave3286,79,16,78
PacificWings8235,49,15,68
SkyWave7133,54,15,65
JetFly6264,53,11,55
JetFly9892,62,15,61
PacificWings4248,75,12,76
GlobeAir6804,30,13,77
JetFly8655,35,17,76
JetFly9248,34,10,72
SkyWave6253,54,22,75
PacificWings5360,43,15,52
JetFly4550,68,22,61
SkyWave3828,71,20,64
GlobeAir3752,72,8,62
JetFly3953,65,19,75
JetFly2428,45,12,55
GlobeAir7462,47,18,76
JetFly6614,58,13,72
JetFly1644,40,14,71
PacificWings4598,51,16,82
SkyWave3626,42,15,51
GlobeAir1094,53,8,76
AirNSR6248,40,9,59
AirNSR8766,56,15,66
JetFly1169,64,16,79
GlobeAir2476,48,20,70
SkyWave4247,53,17,71
GlobeAir5909,57,16,71
JetFly2905,56,16,59
PacificWings6931,59,19,76
JetFly5789,47,6,79
GlobeAir6370,45,20,58
GlobeAir4093,57,15,53
JetFly4591,44,15,65
SkyWave4588,44,10,75
GlobeAir5186,53,17,90
JetFly4692,68,17,80
GlobeAir3833,36,14,53
AirNSR6552,57,7,59
GlobeAir5389,60,13,79
PacificWings1262,67,15,70
AirNSR5992,51,19,57
PacificWings9561,26,14,50
AirNSR9883,33,10,50
GlobeAir3152,67,8,72
JetFly5864,38,26,77
AirNSR1979,39,23,85
AirNSR9470,57,12,81
GlobeAir1334,68,21,52
AirNSR6528,42,12,77
PacificWings9342,72,16,87
SkyWave1364,76,17,50
SkyWave4004,87,15,70
AirNSR1264,63,16,79
PacificWings6398,57,19,54
GlobeAir4348,63,18,54
GlobeAir7550,74,17,61
PacificWings3261,67,9,55
GlobeAir2273,51,19,83
SkyWave4060,81,5,55
GlobeAir4140,51,15,74
PacificWings9790,46,10,79
SkyWave4823,67,22,88
PacificWings5299,29,14,62
PacificWings9774,66,18,61
PacificWings1315,64,23,65
GlobeAir1438,60,21,73
GlobeAir4110,50,15,62
SkyWave9398,41,19,86
GlobeAir9827,58,16,64
GlobeAir7175,55,17,64
PacificWings1848,65,10,51
SkyWave9372,45,14,90
AirNSR8798,69,24,73
SkyWave1509,64,20,67
SkyWave9662,35,25,83
JetFly9627,69,14,68
PacificWings6552,57,9,87
AirNSR7864,47,24,70
GlobeAir2805,45,9,55
AirNSR9689,49,9,76
SkyWave7902,60,20,71
GlobeAir4012,50,8,80
SkyWave1179,64,14,53
SkyWave7681,75,12,78
SkyWave8512,56,14,87
PacificWings8394,61,13,68
AirNSR3160,51,5,62
AirNSR6766,51,18,59
PacificWings8202,72,12,56
JetFly9356,79,14,83
GlobeAir9165,39,6,64
GlobeAir3494,78,13,52
GlobeAir9666,41,5,59
JetFly8939,54,17,67
PacificWings9592,49,9,61
AirNSR7288,51,21,75
PacificWings7687,39,11,66
PacificWings3528,78,17,76
GlobeAir9433,62,11,83
AirNSR5933,60,12,71
JetFly5047,47,9,90
PacificWings2386,71,14,71
JetFly5874,64,15,57
AirNSR5996,66,13,86
AirNSR4567,52,10,51
GlobeAir6265,38,9,59
GlobeAir6361,54,6,52
JetFly3479,39,20,69
AirNSR8937,63,12,54
PacificWings7564,94,6,54
AirNSR2395,74,14,70
GlobeAir2646,71,15,69
JetFly1110,31,15,84
SkyWave6209,65,5,82
JetFly7630,89,16,52
SkyWave2200,70,9,70
SkyWave1737,70,20,56
PacificWings2162,63,14,53
AirNSR4110,46,13,88
JetFly8349,52,17,64
GlobeAir9757,47,17,62
AirNSR8707,47,13,68
AirNSR6853,69,11,75
PacificWings6687,69,17,73
AirNSR2202,55,20,65
AirNSR2563,61,20,64
GlobeAir6992,86,13,76
GlobeAir1044,69,11,62
JetFly6225,44,14,65
PacificWings9944,39,10,50
PacificWings7268,68,12,70
PacificWings7542,70,16,80
SkyWave7418,87,17,73
JetFly8165,76,17,69
GlobeAir3165,64,20,62
JetFly5319,70,16,79
GlobeAir1697,63,17,53
PacificWings2518,49,11,50
SkyWave7386,81,24,86
JetFly1770,46,11,84
AirNSR7607,77,17,68
SkyWave8706,70,19,57
JetFly8868,56,16,75
JetFly7396,63,10,66
GlobeAir7348,64,21,64
PacificWings7159,54,15,78
AirNSR9759,63,13,78
GlobeAir1097,70,11,52
GlobeAir4874,79,18,90
JetFly1721,45,23,59
JetFly1131,62,11,56
AirNSR3701,76,17,79
AirNSR5297,33,12,50
JetFly8659,64,5,67
GlobeAir1682,61,15,78
JetFly9077,42,16,53
SkyWave1718,60,9,57
JetFly6396,73,19,61
AirNSR9978,55,14,71
JetFly6409,70,13,89
SkyWave3020,31,17,60
AirNSR4845,47,13,85
PacificWings7931,81,14,64
GlobeAir7653,60,17,63
JetFly9257,67,10,90
AirNSR8228,59,15,86
GlobeAir1884,64,16,80
SkyWave5188,98,9,55
GlobeAir5347,74,20,78
GlobeAir1891,67,11,84
PacificWings9708,84,5,73
PacificWings4519,49,20,74
JetFly9108,54,22,83
GlobeAir1805,37,9,56
PacificWings5347,52,17,79
AirNSR6896,56,12,74
PacificWings8848,81,22,88
JetFly5244,53,6,78
SkyWave3684,27,16,73
JetFly3708,69,15,52
SkyWave9764,58,10,72
AirNSR2538,69,23,88
SkyWave9458,26,14,56
AirNSR9606,45,7,81
AirNSR6378,43,16,65
JetFly8150,66,22,86
AirNSR1061,60,6,65
GlobeAir3466,56,8,51
AirNSR7785,41,17,54
AirNSR8257,62,17,53
AirNSR6489,54,18,72
SkyWave5713,53,20,73
AirNSR3167,65,13,87
PacificWings3736,63,14,55
GlobeAir3619,83,16,74
JetFly7611,59,13,88
JetFly6161,72,18,85
SkyWave8936,55,9,62
PacificWings9291,46,14,65
AirNSR5621,80,13,54
JetFly4546,51,6,81
GlobeAir2661,82,17,87
AirNSR2709,71,19,63
AirNSR2199,57,15,74
PacificWings9700,82,15,68
JetFly7515,68,19,81
PacificWings9623,69,14,51
GlobeAir1947,59,18,83
AirNSR4275,71,20,88
PacificWings9789,68,17,66
PacificWings5412,53,12,69
PacificWings8287,71,12,52
AirNSR3305,59,21,74
GlobeAir6286,78,16,72
JetFly6415,55,14,90
GlobeAir6768,73,14,68
AirNSR1856,51,21,72
PacificWings3175,62,12,59
JetFly6326,67,19,71
AirNSR9393,44,13,86
SkyWave9671,56,17,62
GlobeAir1686,69,12,73
PacificWings5887,37,20,79
AirNSR3840,43,16,51
SkyWave1498,58,15,81
AirNSR8098,84,30,74
GlobeAir3210,35,19,73
JetFly7377,57,20,50
GlobeAir4352,74,22,86
AirNSR6273,64,10,66
PacificWings9986,73,15,75
JetFly5428,56,12,61
PacificWings3292,75,23,50
GlobeAir4132,42,18,80
GlobeAir8719,54,7,84
JetFly2092,62,10,70
SkyWave4300,36,11,77
PacificWings7495,44,11,59
SkyWave3757,40,13,61
PacificWings5586,49,16,78
SkyWave2616,68,16,57
PacificWings4500,56,13,87
GlobeAir9861,47,10,60
JetFly6118,70,6,76
SkyWave8539,58,13,51
PacificWings1441,68,7,58
AirNSR1588,60,16,90
GlobeAir1911,31,9,74
JetFly5251,58,17,54
PacificWings9598,62,17,57
PacificWings2086,43,7,85
PacificWings5956,61,8,77
SkyWave9282,47,19,82
SkyWave1276,62,12,51
AirNSR3955,49,18,57
PacificWings2634,63,8,51
PacificWings3192,30,24,88
AirNSR2940,41,17,64
PacificWings3358,82,15,77
GlobeAir5977,50,7,50
AirNSR7893,38,16,87
SkyWave4129,81,13,54
GlobeAir4868,51,18,87
JetFly1699,49,16,67
PacificWings8838,60,12,86
JetFly1732,59,23,50
JetFly2046,69,20,85
JetFly1806,46,20,54
PacificWings2223,69,7,79
AirNSR3328,68,12,53
JetFly5315,36,15,53
GlobeAir8000,68,15,62
PacificWings6231,58,13,58
AirNSR6817,96,9,81
PacificWings3413,73,15,75
SkyWave1618,47,14,60
SkyWave4715,39,12,83
AirNSR6684,59,7,51
GlobeAir4396,67,10,72
GlobeAir3894,38,9,83
AirNSR8979,92,5,79
AirNSR3647,66,11,79
AirNSR5696,54,18,81
GlobeAir1959,68,11,81
GlobeAir5715,39,18,53
SkyWave4297,68,13,55
PacificWings7299,66,12,67
GlobeAir3017,47,15,87
AirNSR3286,67,16,79
SkyWave3097,67,11,58
AirNSR4420,83,13,74
JetFly1264,58,8,82
SkyWave5987,57,17,58
SkyWave4461,71,22,56
JetFly8115,67,16,56
PacificWings7287,53,11,86
PacificWings6844,74,19,71
GlobeAir8187,43,18,77
AirNSR4544,69,9,88
JetFly2041,68,9,75
PacificWings7542,23,14,69
PacificWings1013,63,14,77
JetFly6917,103,16,51
JetFly4243,62,17,81
GlobeAir9617,53,19,78
AirNSR5743,65,16,62
GlobeAir2552,50,7,90
AirNSR1979,52,16,70
AirNSR6317,53,16,88
GlobeAir3798,56,17,73
AirNSR1742,45,15,74
SkyWave6417,50,7,86
SkyWave8009,57,22,57
SkyWave4214,38,15,87
SkyWave9228,71,26,60
JetFly3262,52,11,59
AirNSR7614,42,20,52
JetFly3321,46,13,72
SkyWave9508,32,19,57
JetFly4802,77,19,63
SkyWave1451,35,18,73
JetFly9752,34,15,75
SkyWave6957,63,16,65
SkyWave5164,68,14,86
JetFly4042,30,17,79
AirNSR3838,61,10,68
AirNSR6842,36,22,83
SkyWave5533,78,18,89
JetFly7631,49,5,61
JetFly6447,71,16,72
SkyWave7057,54,20,52
JetFly2724,72,15,53
PacificWings7076,60,15,81
GlobeAir8115,70,10,72
SkyWave6555,66,10,56
GlobeAir3469,80,17,77
GlobeAir4219,49,15,79
GlobeAir9987,47,22,67
AirNSR7765,84,18,83
GlobeAir4872,83,15,76
PacificWings2364,71,21,90
AirNSR1478,59,15,80
AirNSR8725,74,18,62
GlobeAir1312,48,5,73
SkyWave3006,57,5,84
GlobeAir7502,45,10,57
SkyWave7366,51,19,85
PacificWings2783,75,17,58
JetFly1185,69,18,57
AirNSR3974,22,15,81
PacificWings7717,33,17,81
SkyWave2817,28,14,66
AirNSR2861,68,9,82
AirNSR2332,74,17,78
GlobeAir7869,65,18,68
JetFly1746,54,15,81
GlobeAir4547,60,14,78
AirNSR5635,49,8,88
SkyWave1633,54,13,65
GlobeAir9917,48,19,73
JetFly3365,42,14,89
JetFly5278,77,19,89
AirNSR8832,78,12,71
GlobeAir1962,71,9,85
GlobeAir2900,55,14,69
AirNSR3217,51,13,63
PacificWings2446,52,10,84
JetFly6195,72,14,65
SkyWave8145,63,15,73
SkyWave2175,60,15,74
GlobeAir3000,55,22,88
JetFly5652,71,15,87
SkyWave6431,53,14,87
GlobeAir2088,66,22,80
SkyWave9140,39,18,57
GlobeAir2065,76,7,61
GlobeAir7396,57,9,72
SkyWave1956,66,13,59
GlobeAir8396,58,12,52
JetFly3386,70,16,55
GlobeAir3183,63,15,89
GlobeAir1369,68,13,62
AirNSR7194,85,8,53
GlobeAir2681,34,5,74
AirNSR5455,28,18,66
GlobeAir3760,68,21,77
SkyWave4757,44,18,90
AirNSR9782,60,15,86
PacificWings5868,69,11,57
JetFly8411,98,21,59
AirNSR5034,52,9,74
SkyWave3698,58,15,81
JetFly2927,75,9,57
PacificWings4936,64,7,86
AirNSR5916,66,14,55
PacificWings6454,89,7,86
JetFly8692,80,6,76
PacificWings1596,40,6,87
SkyWave1369,63,9,86
AirNSR4724,39,16,62
GlobeAir5105,66,15,63
PacificWings6294,57,24,73
AirNSR9924,62,19,65
GlobeAir1800,62,9,52
GlobeAir1242,68,11,63
GlobeAir4941,58,16,90
AirNSR7538,30,6,54
GlobeAir2132,73,11,65
PacificWings5593,50,15,85
PacificWings7517,54,17,80
SkyWave6293,59,15,85
JetFly3852,49,15,63
AirNSR8444,76,12,52
PacificWings2769,73,14,70
AirNSR7294,71,15,75
SkyWave7044,59,16,83
PacificWings6536,78,16,58
JetFly9811,67,13,82
SkyWave8128,83,18,80
SkyWave2625,61,14,73
AirNSR5948,74,11,64
AirNSR6884,33,15,65
GlobeAir1081,77,22,71
AirNSR4778,58,15,71
AirNSR4030,67,13,61
AirNSR4921,67,14,77
GlobeAir2388,75,18,60
PacificWings6596,72,13,53
GlobeAir5600,88,17,58
JetFly1040,63,11,88
SkyWave3239,58,15,67
AirNSR5667,48,13,85
GlobeAir1210,57,15,81
AirNSR2315,33,14,66
AirNSR6645,54,14,80
PacificWings3623,75,25,82
GlobeAir2215,70,8,57
GlobeAir8839,54,17,57
GlobeAir4350,67,19,61
AirNSR9833,58,13,85
JetFly9398,86,15,60
SkyWave6104,44,22,75
GlobeAir6515,37,5,87
SkyWave3346,71,19,87
GlobeAir7225,66,8,62
JetFly2692,59,13,68
AirNSR6584,51,22,73
AirNSR7354,44,16,57
GlobeAir8292,77,16,78
JetFly6659,78,17,64
GlobeAir8688,66,16,86
GlobeAir3617,69,13,60
AirNSR1355,40,19,58
PacificWings3123,77,16,58
AirNSR3342,51,7,87
GlobeAir3938,61,8,64
GlobeAir4530,37,14,55
AirNSR5934,48,16,78
JetFly9084,57,11,79
GlobeAir3243,34,10,82
GlobeAir1396,47,8,77
JetFly8418,55,9,71
AirNSR5419,57,16,50
AirNSR7478,47,17,65
GlobeAir4284,39,9,86
AirNSR1802,58,18,67
PacificWings4334,73,23,78
AirNSR9347,54,14,73
AirNSR6497,44,8,53
SkyWave1393,63,11,70
AirNSR4076,78,7,70
PacificWings4525,67,9,80
JetFly7414,47,17,81
PacificWings1799,49,12,80
JetFly5182,47,23,86
JetFly7646,50,15,55
SkyWave9559,56,16,79
JetFly6771,50,13,69
AirNSR7607,65,10,63
GlobeAir9993,76,20,54
AirNSR7632,69,15,58
GlobeAir2684,20,17,69
GlobeAir9476,54,13,63
GlobeAir6836,31,17,69
GlobeAir1682,38,15,70
JetFly6841,73,12,63
SkyWave9936,78,11,72
PacificWings9342,69,8,65
AirNSR8669,75,19,82
PacificWings5385,67,13,54
AirNSR4316,38,13,54
GlobeAir3928,76,15,71
JetFly6188,36,9,81
PacificWings7072,78,17,72
GlobeAir4120,41,6,52
PacificWings3734,50,5,87
AirNSR9212,57,27,59
PacificWings7388,36,14,79
AirNSR3399,79,18,60
SkyWave4169,57,14,53
JetFly8920,42,13,89
AirNSR8778,63,20,67
GlobeAir8458,50,14,82
PacificWings4842,45,16,52
JetFly3495,71,18,62
SkyWave8518,42,15,74
PacificWings2244,49,20,87
JetFly8835,57,7,73
AirNSR2353,56,17,78
SkyWave7865,63,12,72
PacificWings4423,51,10,76
SkyWave4615,54,10,61
GlobeAir2462,74,10,89
PacificWings2495,61,15,66
JetFly4933,74,20,62
SkyWave7679,70,16,62
PacificWings6457,44,9,86
AirNSR1645,47,18,56
AirNSR5983,61,19,76
JetFly5584,75,11,84
AirNSR4246,60,14,74
GlobeAir4289,55,12,79
PacificWings1858,77,15,50
AirNSR6074,60,10,83
JetFly5565,70,9,84
AirNSR4770,66,17,70
GlobeAir2450,53,16,70
PacificWings2349,62,14,51
PacificWings5965,60,15,75
SkyWave2206,61,15,86
AirNSR8088,43,14,67
SkyWave2550,63,15,64
PacificWings4813,74,18,87
GlobeAir8959,46,14,67
GlobeAir3052,55,14,67
JetFly1402,59,18,56
SkyWave3603,62,21,53
AirNSR4190,63,10,54
SkyWave4068,52,18,51
JetFly9772,35,8,69
GlobeAir3495,60,19,59
PacificWings4079,79,13,81
AirNSR5766,75,15,87
PacificWings4087,37,14,80
GlobeAir6749,50,19,66
PacificWings8021,59,8,89
PacificWings4008,37,14,62
PacificWings9049,23,12,72
PacificWings4214,63,9,67
AirNSR9309,74,20,87
GlobeAir6646,44,13,59
PacificWings4454,74,14,57
GlobeAir4204,39,14,50
GlobeAir3275,47,20,56
AirNSR6351,69,13,83
JetFly7684,62,8,54
SkyWave6929,48,22,82
JetFly7239,60,19,84
PacificWings4248,63,21,90
SkyWave7823,30,14,89
JetFly4937,84,19,76
GlobeAir1074,79,14,89
PacificWings4578,51,9,89
PacificWings1518,43,19,57
JetFly1522,67,14,63
AirNSR1837,67,15,59
SkyWave1748,74,19,90
JetFly5417,44,16,87
GlobeAir3256,34,15,65
AirNSR5913,69,8,73
JetFly4436,53,15,78
PacificWings5338,63,13,70
SkyWave2288,42,14,63
AirNSR5501,35,13,83
SkyWave8112,53,14,69
PacificWings6955,51,7,82
JetFly5793,54,19,90
AirNSR4803,78,27,54
JetFly6856,85,9,56
SkyWave8764,53,14,55
JetFly7312,58,15,70
JetFly7933,96,9,81
AirNSR9416,49,23,52
GlobeAir3617,50,16,62
GlobeAir4940,75,17,69
GlobeAir9094,62,19,79
PacificWings9844,46,12,73
SkyWave4527,68,5,75
AirNSR6055,81,16,53
AirNSR3379,62,6,55
PacificWings3878,40,13,76
JetFly8234,72,5,68
JetFly5797,71,13,60
AirNSR9541,56,16,74
SkyWave2385,64,11,61
AirNSR6254,69,5,69
PacificWings3072,53,15,71
SkyWave9343,54,5,70
PacificWings9014,71,8,68
GlobeAir2237,58,15,76
AirNSR1440,60,20,60
AirNSR8242,59,17,50
JetFly4219,59,18,61
AirNSR3145,80,15,57
AirNSR4490,71,22,64
PacificWings7549,80,13,71
JetFly1139,75,16,66
JetFly5875,76,17,74
AirNSR2237,64,17,89
AirNSR4992,63,16,60
SkyWave3439,57,13,59
JetFly4867,86,17,65
GlobeAir9568,51,13,86
PacificWings2408,75,11,68
PacificWings6017,37,7,50
JetFly3120,34,8,81
AirNSR8483,42,21,55
PacificWings6253,59,13,78
AirNSR2804,38,14,65
JetFly5252,33,13,68
JetFly6544,90,18,64
AirNSR4871,56,18,67
PacificWings7803,52,10,74
SkyWave7581,85,9,74
JetFly9100,54,16,53
GlobeAir5693,45,18,89
GlobeAir2127,55,18,71
GlobeAir7951,68,13,66
AirNSR8488,85,11,80
JetFly4040,80,20,53
GlobeAir4394,86,15,53
JetFly7178,48,25,76
SkyWave7183,54,10,53
GlobeAir4732,57,10,65
SkyWave3375,67,11,86
GlobeAir6403,55,19,83
AirNSR7178,69,15,54
PacificWings3570,62,15,53
PacificWings2871,53,14,78
JetFly8343,67,14,86
JetFly8353,66,10,72
AirNSR9033,50,11,56
GlobeAir6831,51,21,75
AirNSR8088,70,9,62
AirNSR7683,66,13,71
JetFly8350,49,7,58
GlobeAir4570,74,8,54
PacificWings1877,59,10,66
AirNSR9185,71,13,90
AirNSR7373,57,14,55
AirNSR8703,64,15,61
JetFly1922,59,12,50
JetFly9452,36,9,60
PacificWings9981,70,13,60
PacificWings3525,50,7,68
AirNSR4018,34,11,90
SkyWave2741,73,12,56
GlobeAir4821,66,11,81
PacificWings5123,69,13,71
PacificWings4970,41,13,75
PacificWings1755,87,23,54
PacificWings8615,67,14,74
PacificWings3880,64,16,82
GlobeAir7561,59,17,52
GlobeAir4147,63,13,88
GlobeAir4708,42,12,71
SkyWave5429,71,14,77
GlobeAir5024,64,13,66
AirNSR9917,44,13,55
JetFly3544,44,9,83
AirNSR6040,78,12,71
GlobeAir2067,48,23,67
JetFly2688,72,13,57
AirNSR4154,66,13,62
JetFly6321,49,17,63
AirNSR1445,55,15,62
PacificWings3874,75,19,77
GlobeAir7937,51,17,75
SkyWave9802,43,17,73
PacificWings4143,62,16,50
SkyWave5594,55,25,58
PacificWings4077,46,19,83
PacificWings4769,44,17,71
GlobeAir8146,68,15,88
JetFly3879,52,15,54
SkyWave6402,64,23,71
PacificWings6691,46,12,77
JetFly8857,64,13,70
GlobeAir5642,58,20,85
GlobeAir6376,20,12,57
SkyWave1074,33,9,78
SkyWave5501,96,17,89
GlobeAir8372,74,14,56
GlobeAir1364,71,6,73
AirNSR1431,75,10,80
GlobeAir6873,52,17,85
AirNSR9893,64,15,60
JetFly3960,39,15,86
PacificWings8126,74,12,53
JetFly1272,79,10,71
GlobeAir6622,60,22,61
GlobeAir2181,49,20,69
JetFly1545,89,15,87
GlobeAir3825,52,11,61
PacificWings5710,79,21,60
GlobeAir4209,81,14,55
AirNSR2301,75,14,87
AirNSR4414,46,20,57
GlobeAir8531,84,9,56
GlobeAir6366,44,15,68
JetFly5981,74,9,60
PacificWings7185,63,12,86
SkyWave4642,70,11,87
GlobeAir4601,71,14,88
GlobeAir8012,45,15,67
GlobeAir9817,30,12,82
PacificWings9001,65,6,57
PacificWings5466,21,5,68
PacificWings6802,79,14,57
SkyWave8802,52,19,68
JetFly3462,53,16,50
PacificWings8293,60,12,55
SkyWave4407,64,18,63
PacificWings5550,57,12,82
SkyWave4967,54,5,73
GlobeAir6987,64,8,75
GlobeAir8042,69,14,86
PacificWings2289,61,18,87
JetFly7904,46,16,62
GlobeAir6150,64,14,87
PacificWings4523,46,17,57
GlobeAir8351,70,15,68
JetFly8562,43,12,60
PacificWings1259,59,18,76
PacificWings7142,36,12,70
SkyWave4793,53,14,59
AirNSR6169,40,13,50
SkyWave3548,55,9,57
PacificWings7365,58,12,60
SkyWave2479,67,10,51
GlobeAir5902,61,10,56
JetFly2689,51,16,78
SkyWave6854,63,12,69
GlobeAir5955,55,7,52
PacificWings4078,81,18,59
GlobeAir6214,69,7,53
PacificWings6974,51,13,89
PacificWings1948,31,19,82
GlobeAir6411,81,25,69
PacificWings3913,44,15,69
PacificWings2502,79,13,77
AirNSR5230,51,5,89
JetFly3572,76,14,82
AirNSR2664,49,16,82
JetFly2485,62,15,83
AirNSR6445,56,23,75
SkyWave1638,57,23,75
GlobeAir9729,68,16,73
JetFly9995,58,19,89
SkyWave6004,61,10,69
PacificWings2610,45,17,84
AirNSR7831,46,14,54
AirNSR7870,75,16,84
AirNSR1964,49,22,59
GlobeAir9774,68,20,79
AirNSR9179,25,16,61
GlobeAir3392,72,23,88
AirNSR1182,38,21,57
PacificWings8468,84,5,65
JetFly6564,67,18,74
PacificWings8587,55,12,79
SkyWave1732,70,11,70
PacificWings7544,56,19,88
SkyWave5295,86,17,56
JetFly8391,62,12,76
PacificWings9274,44,20,69
GlobeAir6394,57,20,67
GlobeAir9697,55,11,90
PacificWings4893,66,14,86
SkyWave1377,41,24,57
JetFly8896,50,19,70
PacificWings1252,72,8,62
PacificWings6286,44,13,59
PacificWings2999,47,23,57
SkyWave6040,56,19,85
GlobeAir8769,67,16,51
SkyWave7452,60,21,56
PacificWings7619,47,23,56
PacificWings3732,40,18,62
PacificWings1026,38,13,53
AirNSR8156,61,12,83
GlobeAir8945,57,8,70
JetFly6307,45,17,58
JetFly8781,60,11,63
AirNSR8824,79,8,56
PacificWings9004,54,12,72
JetFly9627,69,15,75
AirNSR9077,58,5,84
JetFly6214,72,13,60
PacificWings7607,61,11,65
AirNSR4384,46,22,68
GlobeAir4140,33,9,61
SkyWave5600,82,18,84
JetFly3742,55,21,66
JetFly8141,66,16,50
AirNSR4342,63,17,58
SkyWave8186,67,25,59
AirNSR6667,57,14,66
SkyWave3527,41,14,75
GlobeAir3257,87,19,61
JetFly2031,51,15,75
GlobeAir8281,40,10,80
JetFly6258,62,12,55
JetFly6243,44,17,90
JetFly4564,58,7,65
JetFly7478,28,12,60
GlobeAir6626,36,5,50
JetFly7067,76,14,58
PacificWings3706,56,14,70
PacificWings9871,42,17,65
PacificWings8796,58,11,66
PacificWings1601,50,8,60
JetFly4444,53,13,65
AirNSR6509,53,15,84
PacificWings1880,58,16,77
JetFly4448,74,17,78
AirNSR3016,74,10,52
PacificWings5306,52,18,78
SkyWave3833,70,11,80
AirNSR4657,69,10,74
PacificWings6387,67,14,51
SkyWave3368,39,12,69
JetFly8962,92,16,58
AirNSR7697,94,7,89
AirNSR4168,71,5,62
GlobeAir1030,59,18,90
GlobeAir2573,72,11,87
JetFly3039,75,12,84
PacificWings4551,57,12,81
AirNSR4128,42,22,90
PacificWings1511,60,20,77
PacificWings5418,75,10,75
SkyWave9667,78,17,80
AirNSR6982,44,17,69
GlobeAir8293,44,23,53
SkyWave7029,72,14,84
GlobeAir3098,78,7,81
JetFly2744,48,13,81
GlobeAir6077,93,9,58
GlobeAir7638,34,7,54
JetFly9522,73,12,52
SkyWave6967,57,18,78
PacificWings3852,57,16,71
PacificWings5332,68,12,61
GlobeAir8031,57,16,68
SkyWave2237,73,11,53
AirNSR9015,20,18,51
GlobeAir6217,73,16,65
SkyWave3963,64,12,63
PacificWings2598,67,19,52
SkyWave9375,60,27,73
AirNSR4545,36,15,54
JetFly9137,42,19,51
JetFly9556,36,8,88
AirNSR2823,50,16,81
AirNSR4204,51,12,59
GlobeAir1757,57,13,68
SkyWave8619,82,18,79
GlobeAir8909,55,25,58
JetFly9939,67,10,72
AirNSR9208,63,17,67
GlobeAir5872,49,9,61
AirNSR2365,61,13,77
GlobeAir5098,82,18,72
JetFly3141,50,17,68
AirNSR2132,79,8,54
PacificWings7410,44,14,77
SkyWave2097,60,14,84
SkyWave7578,55,13,87
PacificWings9356,65,20,63
PacificWings4799,52,27,87
SkyWave2354,89,21,61
AirNSR8864,69,25,81
JetFly3000,55,10,77
SkyWave9897,52,9,64
PacificWings8900,61,16,87
GlobeAir2637,63,14,85
AirNSR6659,61,23,70
AirNSR3122,69,19,61
JetFly9861,62,6,64
JetFly2889,32,25,85
AirNSR1153,52,11,56
GlobeAir4820,63,17,85
SkyWave5328,70,23,60
JetFly6575,82,10,82
AirNSR5972,74,13,86
GlobeAir1320,57,9,62
PacificWings6896,34,14,74
AirNSR2761,45,19,62
JetFly5750,55,16,90
GlobeAir3485,80,7,60
JetFly5396,49,15,79
GlobeAir9657,64,20,85
PacificWings3981,73,15,77
PacificWings8804,64,16,83
PacificWings7137,37,14,51
SkyWave7164,63,17,80
AirNSR2399,46,8,52
SkyWave7872,56,24,67
JetFly4304,47,20,61
SkyWave4764,83,15,64
GlobeAir5236,49,17,72
SkyWave6587,62,10,79
SkyWave9287,50,17,64
JetFly5158,74,13,55
SkyWave2747,58,18,83
JetFly6095,57,13,89
GlobeAir5959,48,11,88
PacificWings9684,100,14,73
SkyWave3765,80,23,87
AirNSR6341,57,16,65
SkyWave9846,61,6,54
GlobeAir4325,36,15,55
