FlightNumber,PassengerCount,Complaints,SatisfactionScore
AirNSR1409,96,1,3.0
AirNSR7912,102,2,3.7
AirNSR4257,72,1,1.9
SkyWave7924,123,2,2.1
AirNSR2519,64,1,2.9
GlobeAir9785,110,2,2.1
JetFly4150,135,0,5.0
SkyWave2654,123,2,1.0
SkyWave5374,100,0,1.8
JetFly4598,89,6,2.6
JetFly2084,88,3,1.6
SkyWave5339,64,1,1.3
GlobeAir7543,104,4,4.4
AirNSR3504,51,2,2.4
GlobeAir9669,80,0,2.8
JetFly6573,74,1,3.6
PacificWings3927,147,3,5.0
PacificWings4258,73,4,3.7
AirNSR6310,119,0,1.5
SkyWave1949,121,4,2.1
SkyWave3103,114,2,2.3
SkyWave9835,50,2,3.2
GlobeAir2982,110,2,4.0
SkyWave4608,50,2,2.0
JetFly2160,52,0,5.0
PacificWings8744,91,1,2.7
GlobeAir6804,60,4,3.3
AirNSR7596,139,2,3.6
SkyWave7912,55,4,4.0
GlobeAir2604,72,0,4.2
GlobeAir4502,117,1,5.0
JetFly8454,112,3,4.3
SkyWave4111,89,3,4.7
JetFly1936,93,2,1.8
AirNSR4044,137,2,2.6
SkyWave1651,60,1,1.0
JetFly4346,69,1,4.4
GlobeAir6180,52,1,3.3
AirNSR9808,68,3,2.6
SkyWave7054,137,2,3.0
PacificWings1128,70,3,3.4
JetFly2891,143,4,3.7
SkyWave5325,140,3,2.9
JetFly1722,133,0,4.7
SkyWave8239,146,3,3.3
PacificWings1590,50,0,4.9
AirNSR6862,60,3,2.4
GlobeAir3532,142,1,4.2
SkyWave6442,112,2,2.1
GlobeAir1634,96,2,2.3
SkyWave1387,88,2,2.9
JetFly9346,96,2,4.5
SkyWave5349,84,0,1.5
GlobeAir9379,58,1,4.5
GlobeAir1027,100,0,2.3
PacificWings6143,85,2,3.5
GlobeAir5844,117,0,3.6
SkyWave5930,113,2,3.4
PacificWings6279,129,3,4.0
AirNSR5649,67,3,3.3
SkyWave3414,134,2,1.5
GlobeAir7790,139,2,1.5
SkyWave1090,58,1,2.7
GlobeAir1822,57,1,1.2
PacificWings6198,84,1,2.8
GlobeAir8373,101,2,3.6
GlobeAir4919,103,2,2.5
JetFly9849,66,1,3.0
SkyWave2052,109,4,1.0
SkyWave7883,90,3,4.3
JetFly5892,133,2,3.2
GlobeAir4595,144,4,5.0
SkyWave8657,52,1,5.0
AirNSR8022,149,3,2.5
SkyWave8449,62,2,1.0
JetFly2341,95,0,3.0
SkyWave2124,71,4,4.6
SkyWave4908,101,3,3.3
GlobeAir5198,137,3,1.9
SkyWave6096,137,3,1.1
GlobeAir4249,123,2,2.8
AirNSR1672,107,1,2.2
AirNSR7882,82,2,1.0
SkyWave8135,85,3,1.0
GlobeAir8616,71,2,2.3
JetFly8385,56,2,3.3
AirNSR9098,79,1,2.8
JetFly5581,142,1,4.8
AirNSR4954,100,1,2.2
GlobeAir1282,57,2,1.3
PacificWings7046,111,1,2.4
JetFly6764,118,2,1.0
JetFly2958,148,4,2.7
PacificWings9595,93,1,2.3
SkyWave5952,87,5,3.2
JetFly3068,144,0,2.5
GlobeAir8216,119,1,4.6
AirNSR2070,74,2,4.1
SkyWave3444,75,4,4.6
PacificWings4697,51,2,5.0
GlobeAir6003,123,2,4.3
SkyWave5335,97,4,1.0
AirNSR7693,114,1,1.6
GlobeAir2166,113,2,2.2
GlobeAir2880,68,1,2.1
AirNSR1977,80,3,3.5
AirNSR8679,138,4,2.2
AirNSR1653,121,1,3.0
PacificWings1339,77,1,1.4
JetFly3973,100,2,3.2
JetFly7690,118,0,1.0
GlobeAir9117,140,0,5.0
JetFly5135,132,4,2.1
PacificWings8569,51,1,2.4
GlobeAir1845,104,4,1.6
GlobeAir2989,56,3,4.4
PacificWings7684,61,2,4.6
SkyWave9165,83,3,4.4
GlobeAir4993,92,3,2.8
SkyWave2143,107,0,4.3
JetFly5891,126,3,2.8
JetFly6446,69,3,2.0
PacificWings7274,79,1,2.9
GlobeAir3492,67,2,3.3
AirNSR8213,101,2,1.9
GlobeAir3529,112,1,2.4
AirNSR6383,59,4,3.3
PacificWings2121,84,2,2.2
AirNSR8269,144,3,2.7
JetFly6873,134,2,4.8
SkyWave3785,118,2,2.3
GlobeAir3344,93,0,2.3
GlobeAir5712,114,2,3.1
JetFly7951,140,2,2.1
GlobeAir2747,62,2,4.1
AirNSR7484,129,3,5.0
JetFly4770,131,1,3.6
AirNSR1645,108,3,1.8
AirNSR5835,50,0,3.5
JetFly9697,62,4,4.9
JetFly6549,96,3,3.3
GlobeAir6992,55,0,2.9
JetFly5295,142,1,1.7
GlobeAir1410,63,1,3.8
GlobeAir5951,122,2,3.0
GlobeAir2902,105,1,5.0
JetFly9850,113,2,4.3
PacificWings7686,127,2,5.0
SkyWave6942,111,2,1.6
SkyWave3001,135,2,1.0
AirNSR1828,66,2,4.0
SkyWave4538,53,2,3.4
AirNSR5542,129,3,2.1
AirNSR3159,66,1,2.6
SkyWave5347,94,2,3.5
GlobeAir8344,59,1,1.7
PacificWings1710,123,2,5.0
GlobeAir7984,66,4,1.1
JetFly3430,55,0,4.5
JetFly7240,65,3,2.8
AirNSR2874,121,5,2.7
JetFly8430,69,4,3.2
JetFly7132,120,2,3.2
GlobeAir2582,142,2,2.8
PacificWings6400,142,3,4.3
JetFly6119,95,0,1.6
SkyWave2773,66,2,2.2
PacificWings1430,80,3,4.0
JetFly6751,79,0,2.6
AirNSR3324,140,3,3.7
GlobeAir6585,69,5,2.2
PacificWings2391,122,0,1.7
JetFly8259,107,2,2.6
PacificWings2864,50,3,2.0
GlobeAir9633,84,3,4.1
AirNSR4349,123,3,3.2
JetFly2965,132,1,5.0
PacificWings4770,75,0,1.0
GlobeAir1307,146,3,2.6
GlobeAir7843,111,4,4.9
PacificWings8538,124,2,2.5
GlobeAir9584,93,2,3.7
JetFly3754,114,1,2.6
JetFly6752,70,1,4.6
PacificWings3504,125,0,3.1
PacificWings8354,63,2,2.5
GlobeAir8245,93,2,1.7
JetFly8565,118,2,4.2
AirNSR9307,130,2,1.0
GlobeAir4084,97,3,2.2
AirNSR6626,91,1,1.0
GlobeAir9586,65,4,1.0
GlobeAir6543,59,2,1.0
PacificWings7333,104,4,2.7
AirNSR3317,77,1,1.8
JetFly7171,127,3,2.6
PacificWings6928,132,1,3.3
GlobeAir4145,106,2,3.6
PacificWings9843,60,3,3.7
SkyWave7172,86,3,1.4
GlobeAir1715,126,2,1.2
JetFly8355,71,4,1.8
JetFly8218,52,1,1.0
SkyWave4271,150,0,2.3
JetFly2680,109,3,2.6
GlobeAir9410,92,1,3.4
AirNSR7797,108,1,1.0
JetFly4678,88,3,4.4
SkyWave3254,139,4,2.1
GlobeAir8349,64,4,3.9
SkyWave9991,89,1,5.0
JetFly2996,73,0,4.5
GlobeAir9782,88,1,4.1
GlobeAir1025,121,2,3.2
PacificWings6908,109,2,3.3
PacificWings1333,80,3,2.3
AirNSR6850,124,1,3.4
SkyWave1726,102,2,4.4
GlobeAir3986,70,0,1.0
AirNSR4268,99,5,4.1
GlobeAir5150,66,0,5.0
JetFly5476,94,0,5.0
JetFly4060,126,3,2.6
GlobeAir2293,60,1,2.4
JetFly5843,116,1,1.0
JetFly8325,119,2,4.9
AirNSR7655,80,3,3.4
PacificWings8179,138,0,4.5
JetFly7272,58,1,4.5
JetFly8273,72,0,4.2
SkyWave2858,88,5,4.6
AirNSR5288,133,2,2.5
SkyWave3009,123,3,5.0
AirNSR6236,110,2,2.5
SkyWave3852,143,1,1.7
SkyWave9094,107,2,2.2
SkyWave2412,80,2,1.9
PacificWings2208,147,2,1.0
JetFly3102,132,1,1.9
AirNSR9488,105,1,4.0
JetFly9501,140,2,1.0
JetFly3050,109,1,3.5
SkyWave3804,111,3,1.6
AirNSR1744,71,1,4.7
PacificWings1496,146,1,4.0
JetFly8430,83,2,2.7
SkyWave6573,88,3,3.9
GlobeAir3142,74,2,3.9
AirNSR5382,131,1,3.4
PacificWings7850,89,0,5.0
SkyWave3610,75,0,2.7
AirNSR2475,130,4,1.7
AirNSR1828,93,0,3.4
AirNSR8060,88,1,3.6
AirNSR7563,129,4,4.3
PacificWings8378,109,1,4.4
SkyWave2584,116,1,2.0
SkyWave4261,113,1,1.0
SkyWave6456,71,2,2.2
SkyWave6373,127,3,3.2
PacificWings6511,98,1,4.3
GlobeAir1272,96,1,1.0
JetFly1436,110,1,3.9
PacificWings8871,64,1,3.9
SkyWave4968,93,1,4.8
SkyWave7765,101,2,3.9
SkyWave9498,146,2,3.3
SkyWave8531,141,3,2.4
PacificWings8932,89,2,2.1
JetFly4396,78,1,2.8
JetFly2996,116,2,2.4
JetFly1689,136,2,3.6
SkyWave4310,132,2,1.8
AirNSR4920,55,1,2.6
AirNSR2641,70,5,2.4
AirNSR3587,128,6,1.3
JetFly5676,123,4,4.0
SkyWave7846,56,0,4.3
JetFly1613,147,1,4.6
JetFly8444,78,3,1.0
JetFly4159,84,0,2.7
AirNSR6523,118,4,3.3
GlobeAir9442,132,2,5.0
GlobeAir6301,52,2,4.8
JetFly5947,132,3,4.2
AirNSR8625,87,1,4.5
AirNSR5833,66,4,3.8
PacificWings7121,87,3,2.8
SkyWave2341,110,0,1.6
AirNSR2011,124,3,4.7
JetFly9525,103,2,3.7
AirNSR9361,56,3,1.0
PacificWings1945,130,1,3.2
JetFly1049,53,2,3.4
PacificWings1987,142,3,2.8
GlobeAir7135,56,1,3.9
SkyWave6697,122,0,3.5
AirNSR1372,86,1,5.0
SkyWave5055,51,1,2.7
AirNSR7868,126,1,1.0
AirNSR8314,58,4,5.0
PacificWings4559,103,0,4.1
JetFly6253,139,1,4.2
SkyWave7775,95,5,3.2
GlobeAir9120,111,1,1.0
GlobeAir7688,79,2,1.0
SkyWave4692,111,3,4.1
GlobeAir7824,103,4,3.8
JetFly2295,66,1,4.4
AirNSR5398,86,2,5.0
PacificWings4555,71,0,5.0
SkyWave4113,101,3,2.2
GlobeAir4921,98,2,4.1
JetFly6053,138,2,3.5
JetFly4328,149,2,4.1
SkyWave1265,138,0,3.0
GlobeAir5026,67,2,2.5
GlobeAir3756,66,4,1.0
AirNSR9584,96,1,2.3
SkyWave4791,83,2,1.0
AirNSR8916,126,2,5.0
AirNSR9673,69,2,3.1
SkyWave2753,54,0,1.0
JetFly6807,78,0,3.3
PacificWings4984,102,1,4.4
AirNSR7640,150,2,5.0
SkyWave2354,126,4,1.0
PacificWings1697,79,0,5.0
AirNSR5593,56,1,3.5
PacificWings3362,126,2,3.2
GlobeAir9856,147,1,4.5
PacificWings6666,60,5,3.8
PacificWings7499,141,1,2.3
GlobeAir4737,84,1,5.0
AirNSR5839,130,1,2.8
GlobeAir6188,57,3,3.8
JetFly5419,62,1,2.6
PacificWings9395,136,2,2.9
PacificWings6315,92,0,2.6
PacificWings4977,68,0,3.0
JetFly5397,109,5,3.8
JetFly8933,80,2,3.6
PacificWings4203,63,3,2.0
JetFly7224,140,2,2.0
SkyWave5922,64,1,2.4
JetFly5775,146,4,4.6
JetFly2865,108,0,4.2
AirNSR8563,73,3,1.2
GlobeAir9180,73,3,3.2
GlobeAir2211,100,1,1.7
PacificWings1602,89,2,2.9
SkyWave1725,58,3,3.0
AirNSR1172,83,3,3.5
PacificWings4621,112,1,1.1
PacificWings3469,92,3,2.8
AirNSR3321,103,0,3.0
GlobeAir6706,123,1,3.7
AirNSR2885,150,1,3.3
SkyWave9454,51,4,1.6
SkyWave7636,51,1,5.0
SkyWave8365,131,2,1.7
JetFly2025,58,3,1.0
SkyWave8496,116,2,5.0
PacificWings7367,84,3,4.2
PacificWings3826,66,0,4.1
JetFly2916,128,3,3.1
PacificWings3258,78,0,3.4
SkyWave3733,77,1,2.2
PacificWings1878,92,2,2.4
PacificWings9281,128,2,1.0
GlobeAir3740,117,4,3.6
SkyWave9808,144,2,1.7
PacificWings9369,84,2,5.0
PacificWings1681,107,3,2.5
JetFly1528,89,5,2.4
SkyWave4438,70,1,4.2
PacificWings3281,70,1,1.8
JetFly9827,123,2,2.4
PacificWings2560,118,4,2.0
SkyWave5090,131,0,3.7
GlobeAir3329,81,2,3.5
AirNSR7600,147,2,4.5
JetFly1040,132,2,4.7
GlobeAir4568,147,0,1.4
JetFly9967,91,1,1.8
AirNSR2631,128,2,3.1
GlobeAir4314,103,4,2.1
JetFly2350,137,3,4.4
GlobeAir2494,103,4,4.1
SkyWave9510,138,3,1.5
SkyWave8826,111,1,4.5
AirNSR6133,150,0,1.9
SkyWave2120,111,3,2.0
SkyWave7745,60,3,2.6
SkyWave3017,95,2,4.0
SkyWave5537,81,0,3.1
JetFly1439,126,2,3.3
JetFly1894,52,4,1.6
AirNSR9655,71,2,1.0
GlobeAir6986,71,0,3.8
AirNSR2106,105,0,4.8
PacificWings5693,148,3,2.7
PacificWings3501,70,1,4.4
SkyWave9788,144,4,2.0
SkyWave1948,88,0,3.5
PacificWings1901,109,1,4.4
SkyWave9133,143,2,2.6
JetFly2934,149,2,1.0
JetFly2262,80,6,1.0
SkyWave7024,101,1,1.6
SkyWave9336,91,2,2.0
JetFly7274,51,0,3.1
SkyWave6272,55,1,5.0
PacificWings7108,142,2,2.5
AirNSR7568,75,2,1.4
JetFly2415,68,3,2.9
JetFly4974,127,4,2.2
PacificWings5016,122,2,3.8
JetFly1157,52,1,4.3
AirNSR4361,123,2,3.0
JetFly2524,54,1,2.5
GlobeAir2391,140,2,1.1
AirNSR2020,131,4,4.6
GlobeAir6345,57,3,1.0
SkyWave2785,105,2,1.0
AirNSR9780,88,1,3.5
AirNSR3582,108,3,1.0
JetFly7492,102,2,4.7
AirNSR7625,58,2,1.9
AirNSR1195,132,3,4.0
AirNSR5240,89,1,3.1
SkyWave2506,88,4,1.2
GlobeAir7471,68,2,1.8
SkyWave5505,107,1,1.0
PacificWings5026,114,0,1.0
JetFly7275,112,0,4.2
AirNSR7266,81,3,3.5
PacificWings6269,144,1,2.9
AirNSR5602,140,1,4.1
SkyWave2640,91,3,2.7
SkyWave7363,90,1,2.3
PacificWings1462,83,3,3.2
PacificWings6063,134,1,1.4
SkyWave1326,56,3,2.7
SkyWave6582,141,2,3.6
AirNSR9622,86,0,4.2
JetFly6285,72,2,3.6
JetFly3854,132,0,2.6
JetFly5825,81,3,2.3
GlobeAir1530,65,4,4.6
AirNSR9129,101,3,5.0
SkyWave2453,129,1,1.2
JetFly5205,113,1,4.8
SkyWave7783,126,4,1.0
PacificWings4695,68,1,2.3
JetFly2715,142,2,4.3
PacificWings2525,140,0,2.7
PacificWings8113,145,4,2.8
GlobeAir9849,57,1,3.7
PacificWings9043,144,2,2.4
PacificWings8869,105,1,1.9
AirNSR8758,106,2,2.0
AirNSR9914,96,1,2.4
AirNSR5313,84,0,3.8
AirNSR3476,123,3,2.8
PacificWings4727,78,0,5.0
PacificWings8779,129,2,1.2
PacificWings9467,75,3,4.4
SkyWave4157,89,1,5.0
SkyWave3422,79,3,3.7
GlobeAir6343,137,3,2.9
PacificWings9561,123,4,1.0
PacificWings2641,101,0,2.1
GlobeAir5327,125,6,4.1
JetFly7602,52,1,1.2
SkyWave1807,85,1,3.0
JetFly5593,90,2,1.0
JetFly5414,77,4,3.0
GlobeAir9462,144,3,1.0
GlobeAir3222,149,0,4.4
AirNSR5087,135,0,3.3
JetFly8605,125,0,3.8
JetFly9008,73,3,3.6
JetFly3679,138,0,2.6
PacificWings4511,94,2,2.7
PacificWings1328,72,0,2.8
AirNSR4666,115,2,3.6
JetFly8520,110,1,3.3
GlobeAir2676,121,3,4.0
PacificWings5631,138,1,5.0
JetFly5536,78,3,2.7
AirNSR7620,92,2,2.5
JetFly7857,108,2,5.0
SkyWave6622,75,3,2.9
PacificWings3967,81,1,1.9
SkyWave6499,115,3,4.3
GlobeAir6428,62,3,4.2
GlobeAir1879,78,2,2.2
PacificWings5888,81,3,4.6
JetFly7704,52,0,4.5
AirNSR8988,111,2,2.8
SkyWave3762,79,3,1.0
GlobeAir7609,85,3,1.0
JetFly1230,93,3,3.0
SkyWave6641,81,3,4.8
SkyWave2069,130,2,5.0
PacificWings6535,136,2,2.8
SkyWave7609,76,1,3.8
PacificWings9267,56,0,2.2
PacificWings1796,73,3,1.0
AirNSR2897,79,2,4.8
SkyWave4366,104,5,5.0
PacificWings3247,89,4,2.8
AirNSR9154,62,0,3.9
JetFly7713,72,1,1.0
GlobeAir6416,69,4,3.8
GlobeAir3443,87,2,1.0
GlobeAir5850,147,0,3.4
JetFly6901,110,2,3.5
AirNSR3267,82,3,3.5
AirNSR7105,52,1,1.0
JetFly7319,131,1,2.4
SkyWave2699,122,0,2.3
PacificWings7221,118,2,1.2
AirNSR7738,97,2,4.5
PacificWings4669,74,1,2.7
GlobeAir6664,141,3,3.5
AirNSR1190,108,1,1.5
AirNSR9055,70,3,2.4
PacificWings7203,57,0,3.3
GlobeAir2442,80,1,1.0
AirNSR7609,79,1,2.7
PacificWings5990,94,1,4.4
AirNSR4652,55,0,2.0
GlobeAir2868,91,3,3.2
PacificWings9552,59,2,2.5
AirNSR5166,101,3,2.1
SkyWave8488,56,2,2.1
AirNSR8381,66,3,1.2
PacificWings8091,81,0,2.0
PacificWings3845,66,2,2.8
PacificWings7302,91,3,3.9
GlobeAir3185,62,4,3.0
JetFly4560,53,1,2.1
SkyWave9255,112,4,2.4
GlobeAir7839,140,3,5.0
AirNSR1414,61,2,3.4
JetFly5105,96,1,4.0
AirNSR6876,95,1,3.1
GlobeAir4892,91,2,1.8
GlobeAir6122,118,1,3.1
SkyWave7025,113,2,3.4
AirNSR4063,56,2,2.8
PacificWings5329,125,2,3.1
SkyWave1654,84,0,1.3
JetFly9037,131,0,4.2
PacificWings2117,139,3,4.0
JetFly4624,56,2,1.3
PacificWings8780,84,2,2.9
PacificWings4994,69,2,5.0
JetFly1404,69,0,1.7
JetFly4154,132,2,3.9
PacificWings1120,137,2,4.6
AirNSR4368,136,2,1.1
AirNSR8523,88,1,2.0
PacificWings2154,93,1,2.0
GlobeAir8094,100,1,3.5
AirNSR1745,89,2,1.6
PacificWings2417,59,2,1.0
GlobeAir3561,60,4,5.0
JetFly3360,125,1,2.8
AirNSR1684,129,2,1.0
SkyWave6633,70,2,4.8
SkyWave5140,97,2,5.0
GlobeAir2198,97,3,2.8
GlobeAir6420,61,1,4.6
AirNSR4170,66,2,1.8
PacificWings3496,91,3,5.0
AirNSR6131,79,1,4.6
SkyWave6432,115,0,3.3
PacificWings2783,54,0,2.4
PacificWings4218,112,3,3.7
AirNSR7637,148,0,4.0
PacificWings8734,116,2,3.1
JetFly3193,59,3,3.4
AirNSR4913,125,2,1.7
SkyWave3395,61,1,3.2
AirNSR5331,81,3,1.0
GlobeAir8695,143,3,3.0
JetFly5314,94,4,1.0
PacificWings5121,52,1,3.2
GlobeAir8898,94,2,2.0
AirNSR9430,141,3,2.8
AirNSR4773,145,3,3.9
GlobeAir4452,78,1,5.0
SkyWave3639,143,2,3.2
JetFly3949,138,4,4.0
AirNSR4548,89,1,1.0
PacificWings3338,128,0,3.4
GlobeAir2127,82,4,1.2
PacificWings9263,147,0,3.1
PacificWings1639,58,3,1.4
PacificWings9835,128,0,3.7
PacificWings8028,141,2,2.4
AirNSR7971,110,2,1.5
JetFly9908,64,3,3.8
PacificWings9561,92,1,1.3
GlobeAir6935,138,1,2.1
GlobeAir6990,113,2,1.0
PacificWings8904,146,5,2.2
PacificWings6641,90,4,3.4
SkyWave2642,95,2,3.6
AirNSR3633,113,2,4.6
PacificWings8133,65,0,1.0
AirNSR7296,100,0,1.0
GlobeAir8192,105,1,2.1
PacificWings9364,79,1,1.0
SkyWave1004,72,2,3.1
GlobeAir4281,115,1,3.9
JetFly6703,130,4,4.1
GlobeAir1076,133,0,4.9
PacificWings5821,66,2,3.8
PacificWings5098,85,3,3.5
GlobeAir8548,102,4,5.0
SkyWave4767,81,1,5.0
SkyWave5706,52,1,3.9
GlobeAir6142,150,3,2.5
GlobeAir4271,105,4,3.8
SkyWave6833,65,1,1.0
PacificWings1108,145,0,5.0
GlobeAir5501,102,0,5.0
PacificWings3101,67,2,3.5
AirNSR9232,59,1,1.9
PacificWings8537,135,3,2.9
JetFly6924,135,3,3.6
GlobeAir6621,118,1,3.4
JetFly7563,134,3,4.1
SkyWave2636,96,2,3.3
SkyWave3450,141,1,1.7
PacificWings6172,105,2,4.6
GlobeAir2621,80,3,1.9
GlobeAir6483,90,1,3.6
JetFly1324,66,4,1.9
PacificWings3859,51,3,3.3
AirNSR7243,149,1,3.5
GlobeAir7631,50,2,2.2
JetFly5382,108,1,3.0
PacificWings9535,105,2,3.0
SkyWave5122,59,1,3.0
GlobeAir9985,90,2,4.0
AirNSR5300,55,2,5.0
JetFly8260,87,1,1.7
JetFly8801,69,2,1.9
SkyWave8480,57,0,2.5
GlobeAir9841,90,3,2.8
SkyWave5973,127,1,1.6
PacificWings1136,121,3,1.1
PacificWings4788,134,3,1.0
GlobeAir5094,99,3,2.4
GlobeAir4924,114,2,1.0
SkyWave2121,95,3,3.3
GlobeAir5458,135,1,4.6
PacificWings1362,133,4,4.6
AirNSR4814,103,2,1.4
JetFly9165,126,2,2.6
AirNSR5366,107,0,2.5
GlobeAir1206,108,1,1.0
SkyWave8550,59,2,4.5
JetFly3598,89,1,5.0
SkyWave6905,74,3,5.0
AirNSR3742,137,0,5.0
PacificWings8786,77,1,1.0
AirNSR6544,138,2,1.7
SkyWave8992,104,1,1.0
SkyWave1349,53,4,1.0
GlobeAir8168,114,2,2.9
PacificWings6696,55,2,2.3
SkyWave2128,145,3,4.9
JetFly8439,147,0,1.9
JetFly4912,125,0,3.5
PacificWings9151,54,3,4.0
AirNSR2577,63,2,2.3
SkyWave2753,55,3,2.1
GlobeAir9615,60,2,2.5
AirNSR4419,86,2,1.5
JetFly1955,147,3,2.5
AirNSR4537,146,1,2.1
SkyWave9621,103,4,3.2
PacificWings6864,143,0,2.5
PacificWings7579,62,0,4.1
GlobeAir6772,56,2,4.4
JetFly4943,143,2,2.7
JetFly8412,77,2,3.2
AirNSR9480,126,2,3.3
JetFly1355,69,2,5.0
AirNSR1618,112,5,2.5
SkyWave4817,115,1,2.5
AirNSR6319,117,1,2.1
PacificWings5921,114,1,4.4
JetFly8115,121,0,4.7
AirNSR7266,62,4,2.9
SkyWave6354,118,3,3.0
GlobeAir9269,126,4,3.0
SkyWave6507,76,3,4.5
AirNSR7529,54,2,5.0
PacificWings4245,85,2,3.2
PacificWings5034,100,0,2.8
AirNSR2843,134,2,3.1
PacificWings1396,64,3,2.4
PacificWings3389,99,0,5.0
SkyWave2405,81,1,2.8
AirNSR6624,121,4,2.8
PacificWings4471,116,1,5.0
SkyWave1301,64,2,4.2
SkyWave5444,102,1,1.0
JetFly2767,115,2,2.6
PacificWings2631,110,4,5.0
SkyWave9202,140,2,5.0
JetFly9027,118,1,3.5
JetFly4869,143,3,2.0
AirNSR5590,95,5,2.6
GlobeAir9531,61,4,1.0
JetFly6395,117,2,5.0
SkyWave6062,137,2,2.9
SkyWave6201,95,3,1.6
AirNSR6221,103,1,4.2
SkyWave4079,126,2,1.1
PacificWings5372,55,0,4.4
JetFly2302,94,0,4.1
SkyWave7348,130,4,1.9
GlobeAir1245,54,3,3.5
SkyWave8197,134,3,2.0
GlobeAir7633,125,2,3.3
PacificWings9784,98,1,1.0
SkyWave9498,92,3,1.0
AirNSR4110,101,2,1.0
GlobeAir3727,147,2,2.3
GlobeAir8400,121,2,2.8
SkyWave7440,118,3,1.0
SkyWave8449,147,2,4.4
AirNSR2870,70,0,1.9
PacificWings3619,98,2,2.3
SkyWave3656,111,2,1.4
GlobeAir5731,72,1,2.1
PacificWings5146,117,2,4.0
PacificWings9084,54,2,2.8
AirNSR1107,51,0,2.8
AirNSR4028,111,1,2.5
PacificWings5889,69,1,1.0
SkyWave5659,141,2,4.5
AirNSR5903,112,3,4.0
PacificWings2063,70,1,1.0
JetFly9635,50,2,5.0
PacificWings9666,142,1,2.7
GlobeAir6185,131,4,4.5
PacificWings9132,120,0,4.8
JetFly4171,64,2,3.7
SkyWave7793,136,4,1.0
AirNSR4296,135,3,3.1
PacificWings6307,87,1,3.3
PacificWings1477,107,2,1.2
GlobeAir1582,69,3,5.0
JetFly8577,130,0,3.9
PacificWings9779,74,3,5.0
AirNSR3446,108,0,2.4
PacificWings7382,76,3,4.2
AirNSR5448,95,0,3.8
SkyWave9603,103,1,3.0
AirNSR8270,86,2,5.0
SkyWave6572,52,0,4.9
PacificWings3174,109,3,2.2
AirNSR1067,116,2,2.3
GlobeAir1755,78,1,3.1
SkyWave6257,143,1,2.4
AirNSR5467,142,4,1.5
PacificWings9422,141,1,4.0
SkyWave5641,149,1,5.0
PacificWings8268,53,4,2.6
AirNSR7284,118,5,2.8
PacificWings8304,78,3,1.0
AirNSR8629,56,3,3.2
GlobeAir8709,148,1,4.7
GlobeAir4004,101,2,3.6
AirNSR6758,127,0,2.4
PacificWings3087,106,1,5.0
JetFly9728,116,3,3.2
PacificWings3605,147,1,5.0
GlobeAir8132,126,2,2.1
PacificWings8972,124,1,3.8
SkyWave6046,130,1,1.0
GlobeAir6364,122,2,1.8
AirNSR3403,97,1,3.3
GlobeAir4205,63,5,4.2
GlobeAir6640,132,3,3.0
JetFly2022,82,0,3.1
AirNSR5623,94,3,1.0
GlobeAir7652,86,1,5.0
SkyWave4083,127,1,3.6
JetFly3056,120,1,1.9
GlobeAir3224,76,2,2.5
GlobeAir3945,102,1,2.4
JetFly4698,109,2,2.9
PacificWings5411,60,1,1.1
AirNSR8889,83,3,2.5
GlobeAir9469,99,2,2.2
AirNSR9834,111,1,5.0
AirNSR8681,83,3,4.2
GlobeAir6782,122,2,2.1
JetFly5267,54,2,1.9
PacificWings1447,105,1,1.6
JetFly3171,98,2,5.0
PacificWings3860,117,1,4.9
JetFly4869,115,4,3.0
AirNSR3376,142,1,1.7
GlobeAir4898,103,1,4.1
AirNSR5331,107,3,2.9
GlobeAir9724,97,1,1.0
PacificWings8122,58,2,2.0
PacificWings1672,121,1,4.2
JetFly5429,93,1,3.3
PacificWings4193,147,3,2.9
AirNSR2113,112,3,4.2
JetFly4594,62,2,5.0
AirNSR4552,60,3,2.6
SkyWave7159,104,3,4.6
JetFly8650,88,4,2.9
JetFly3653,95,3,3.4
AirNSR5230,105,2,1.9
PacificWings7432,55,0,5.0
SkyWave2740,94,2,3.7
JetFly8305,135,5,1.0
JetFly3483,127,2,2.4
GlobeAir8144,96,2,1.6
AirNSR9770,101,1,3.8
JetFly9759,76,3,1.0
SkyWave3893,88,5,1.0
AirNSR6886,81,4,3.4
AirNSR4163,146,4,1.0
JetFly9186,61,2,4.1
AirNSR7643,114,4,1.0
SkyWave4817,56,3,4.8
GlobeAir1750,130,0,3.0
AirNSR8474,133,3,4.7
AirNSR9145,106,1,4.8
JetFly2979,76,1,3.8
SkyWave6496,125,4,3.8
JetFly3703,68,1,1.0
PacificWings7162,52,1,5.0
SkyWave2460,142,2,1.0
SkyWave5439,54,2,2.3
AirNSR3949,67,1,1.0
PacificWings4860,94,0,1.0
PacificWings4592,117,3,2.2
GlobeAir9151,94,2,1.9
JetFly4433,104,1,2.7
AirNSR2710,92,1,2.3
AirNSR4855,147,1,3.6
SkyWave2804,77,2,1.2
GlobeAir4615,80,0,2.0
SkyWave4541,148,2,2.2
SkyWave6875,110,0,5.0
AirNSR5597,140,5,3.7
JetFly4602,111,1,3.0
PacificWings4763,111,2,1.0
PacificWings8757,80,3,4.4
SkyWave6362,52,4,2.7
AirNSR7844,136,2,4.5
GlobeAir8852,75,2,2.5
GlobeAir4571,62,1,3.8
AirNSR8860,98,1,1.9
AirNSR8452,113,3,3.3
GlobeAir1022,138,2,1.8
GlobeAir5420,121,0,4.5
AirNSR9433,111,1,5.0
AirNSR6989,63,0,3.3
SkyWave3267,125,1,1.7
SkyWave4693,150,3,1.4
JetFly1892,70,1,2.0
AirNSR8703,103,3,3.9
SkyWave8501,63,0,3.9
AirNSR3699,97,1,1.7
PacificWings1371,86,3,1.7
JetFly7883,120,3,4.6
PacificWings6503,111,2,1.1
PacificWings8295,136,1,4.1
SkyWave5259,69,0,3.5
SkyWave6785,51,1,1.0
JetFly3986,63,1,1.0
PacificWings3072,68,0,5.0
JetFly6633,83,1,2.8
JetFly2990,135,5,2.6
JetFly3556,57,2,2.5
PacificWings3409,67,3,1.0
SkyWave2914,97,0,4.3
JetFly2515,87,1,4.5
JetFly4206,93,1,1.0
PacificWings7462,91,1,5.0
JetFly7513,53,2,2.0
JetFly6756,134,3,4.7
GlobeAir8249,57,2,3.3
SkyWave2410,93,4,2.9
JetFly2083,87,0,4.2
GlobeAir3865,125,2,5.0
SkyWave4047,54,4,4.7
PacificWings5979,114,3,4.0
JetFly5917,145,0,2.6
SkyWave1466,142,1,2.6
PacificWings8872,54,1,2.0
AirNSR7114,135,2,4.5
SkyWave6237,122,3,2.1
GlobeAir6832,125,0,4.2
PacificWings4175,120,2,2.2
JetFly5447,76,1,1.9
AirNSR3243,122,5,3.2
AirNSR4569,113,5,3.7
PacificWings9612,101,1,3.5
SkyWave1284,130,3,4.5
PacificWings9570,108,0,5.0
SkyWave3108,80,2,5.0
GlobeAir2830,116,1,5.0
SkyWave2766,115,2,3.8
AirNSR2085,111,2,1.5
SkyWave4277,67,2,1.0
PacificWings6698,89,6,1.8
SkyWave9272,98,2,3.0
SkyWave4138,62,1,2.9
SkyWave9260,100,4,1.0
SkyWave6813,77,0,4.6
JetFly3025,51,4,1.0
JetFly1665,75,0,4.0
PacificWings6111,148,2,4.3
SkyWave2140,86,3,5.0
AirNSR7494,81,1,1.6
GlobeAir2666,117,3,5.0
GlobeAir3011,78,1,1.0
PacificWings5472,148,1,2.7
PacificWings5569,135,1,5.0
SkyWave3205,57,2,3.3
AirNSR3934,53,2,1.0
AirNSR9518,53,1,3.9
PacificWings5287,124,0,2.7
GlobeAir2951,60,0,2.8
AirNSR3897,87,1,1.1
JetFly7374,78,2,4.3
PacificWings8697,90,2,1.0
PacificWings7189,70,3,1.6
PacificWings1739,128,1,3.7
GlobeAir2594,89,1,4.0
SkyWave4844,129,2,2.3
JetFly3781,78,3,2.9
PacificWings9433,52,2,4.1
GlobeAir7394,112,3,1.0
JetFly9138,138,3,3.2
SkyWave9142,141,1,1.0
GlobeAir4700,85,1,2.3
JetFly2102,63,3,5.0
JetFly9268,106,2,2.4
GlobeAir5116,122,2,1.0
PacificWings4056,122,1,1.2
PacificWings8106,132,0,5.0
SkyWave3465,102,4,4.8
SkyWave7757,90,3,1.0
SkyWave7649,84,1,2.1
GlobeAir8952,102,4,4.0
SkyWave1477,146,2,5.0
GlobeAir1326,99,4,2.4
GlobeAir6954,69,3,1.0
PacificWings2976,115,3,3.2
PacificWings3003,129,2,5.0
GlobeAir4571,113,2,3.1
GlobeAir5166,138,2,1.3
JetFly9941,74,1,3.0
JetFly8786,95,0,3.2
SkyWave5144,62,4,4.0
PacificWings4872,116,4,1.6
JetFly2478,127,2,1.5
GlobeAir1555,98,0,1.7
JetFly7920,70,2,2.0
GlobeAir9973,68,0,1.0
GlobeAir3229,93,0,1.0
AirNSR3585,69,4,4.1
JetFly8397,107,3,5.0
JetFly4254,149,1,5.0
PacificWings4677,91,4,3.0
AirNSR8576,130,1,3.7
GlobeAir5262,101,2,1.0
AirNSR9615,57,0,4.3
SkyWave5361,50,3,5.0
PacificWings4531,71,3,5.0
AirNSR5754,66,1,2.5
PacificWings8506,81,0,5.0
SkyWave7283,54,3,2.9
JetFly4847,66,3,2.1
AirNSR5155,78,0,1.5
PacificWings1673,86,2,1.9
GlobeAir3161,54,1,4.7
AirNSR6132,97,1,3.7
JetFly5312,98,3,1.0
JetFly9049,145,1,2.3
SkyWave1587,109,2,1.9
AirNSR8233,107,2,3.5
AirNSR6727,63,0,1.0
PacificWings5469,73,0,4.0
SkyWave7822,96,1,2.8
AirNSR5657,60,4,3.1
JetFly3519,134,5,1.0
PacificWings1095,97,2,2.9
PacificWings3118,116,3,1.0
AirNSR9964,122,2,1.1
GlobeAir2461,144,2,1.8
SkyWave2975,55,1,2.2
PacificWings3151,83,2,4.8
GlobeAir7358,63,3,2.1
JetFly4053,116,5,1.3
SkyWave3540,130,1,5.0
GlobeAir2297,71,3,2.3
SkyWave9570,148,5,4.3
PacificWings2763,114,1,2.5
JetFly6823,51,2,3.7
SkyWave3985,93,3,4.2
JetFly8454,58,2,3.9
PacificWings5248,102,2,3.9
AirNSR3813,101,0,4.2
GlobeAir5961,105,2,1.4
SkyWave3213,55,0,4.0
AirNSR4428,140,4,1.0
SkyWave2410,119,4,1.8
SkyWave3497,64,0,5.0
SkyWave4298,73,0,1.7
GlobeAir9121,77,0,1.0
PacificWings8993,124,2,1.7
PacificWings2040,66,1,2.2
JetFly8345,112,1,1.2
JetFly8178,117,2,3.0
PacificWings8675,120,1,1.0
GlobeAir3654,87,4,3.9
SkyWave4268,148,3,2.7
JetFly4845,85,2,4.8
SkyWave3862,112,2,4.6
PacificWings4714,131,1,1.6
AirNSR5382,128,1,2.6
GlobeAir2817,54,2,2.4
SkyWave2934,124,3,5.0
GlobeAir2626,121,1,1.7
GlobeAir7811,98,2,3.6
SkyWave2396,74,2,4.3
SkyWave9677,103,6,2.2
GlobeAir9456,60,2,1.0
AirNSR2389,91,5,2.5
AirNSR3473,67,4,2.1
GlobeAir5986,110,1,3.0
SkyWave7618,100,0,1.0
GlobeAir6656,128,1,2.2
JetFly7389,91,3,5.0
PacificWings6115,120,4,1.7
PacificWings5238,86,2,2.9
AirNSR7110,88,2,4.4
GlobeAir5881,88,1,5.0
PacificWings9737,69,3,3.9
SkyWave7187,51,1,3.2
JetFly8443,68,2,4.5
AirNSR2018,70,2,2.4
PacificWings7598,83,1,1.1
GlobeAir7937,138,1,3.6
PacificWings3082,121,2,3.9
SkyWave8461,69,0,2.9
AirNSR7694,82,5,5.0
SkyWave2929,118,2,3.1
SkyWave3328,119,3,4.3
SkyWave9008,100,3,3.4
GlobeAir8883,74,0,2.8
GlobeAir3175,142,3,2.2
SkyWave6328,59,1,1.3
PacificWings1750,81,0,3.2
PacificWings6060,109,3,4.8
PacificWings1866,80,1,2.1
AirNSR9713,109,2,2.9
GlobeAir2386,59,1,1.0
JetFly8160,88,1,2.1
AirNSR2878,96,0,3.8
SkyWave6026,55,4,4.3
AirNSR1958,78,2,4.6
JetFly7152,59,5,1.9
SkyWave9076,64,2,2.8
GlobeAir7669,118,3,1.4
JetFly2663,54,1,2.5
PacificWings4333,139,2,2.4
GlobeAir8401,69,2,2.9
JetFly3742,98,0,5.0
GlobeAir6757,136,3,1.4
PacificWings2145,98,1,1.8
JetFly8077,130,3,1.9
JetFly8417,125,3,4.6
PacificWings6381,65,0,1.7
AirNSR3843,83,2,5.0
PacificWings1507,150,1,2.4
GlobeAir3903,65,3,1.0
AirNSR4629,127,1,3.1
JetFly4623,147,3,1.5
SkyWave1116,81,4,1.4
SkyWave4174,135,3,3.3
SkyWave5253,123,3,5.0
SkyWave1378,102,2,3.0
GlobeAir1849,50,2,2.9
GlobeAir9119,99,2,2.7
AirNSR5553,60,1,1.0
AirNSR1415,53,1,2.7
JetFly2029,83,2,5.0
JetFly5102,108,3,2.7
JetFly9514,150,4,5.0
GlobeAir3045,150,2,1.3
SkyWave2015,61,3,4.3
AirNSR1914,114,2,5.0
GlobeAir4819,122,1,2.9
PacificWings2659,145,2,4.1
AirNSR2682,65,2,3.2
PacificWings5198,63,2,3.8
SkyWave1722,124,1,2.0
JetFly9866,128,3,1.0
JetFly1132,66,4,5.0
AirNSR7915,143,0,3.0
SkyWave8794,90,0,1.0
PacificWings5909,98,1,5.0
GlobeAir4594,134,5,3.8
SkyWave8876,136,0,4.0
JetFly1162,126,5,5.0
GlobeAir4185,68,4,1.6
SkyWave4587,88,1,5.0
AirNSR3884,142,3,5.0
JetFly4444,112,3,3.0
PacificWings8106,102,2,4.2
PacificWings7196,121,5,1.6
AirNSR4098,120,2,3.2
JetFly3071,135,2,5.0
AirNSR3743,149,3,1.0
GlobeAir3932,77,1,4.0
GlobeAir5396,87,4,1.0
SkyWave4325,58,2,2.5
PacificWings3575,55,2,1.8
JetFly8282,78,0,3.3
PacificWings6511,83,3,1.0
JetFly5473,60,1,4.4
JetFly2350,85,3,4.6
SkyWave2612,61,0,1.5
SkyWave6394,75,3,4.4
SkyWave9898,146,1,4.7
GlobeAir7647,58,0,1.5
GlobeAir4728,116,4,2.4
GlobeAir8559,63,1,4.0
SkyWave8187,64,0,2.6
JetFly1158,121,3,1.0
PacificWings5909,131,4,2.3
JetFly7404,63,5,2.0
GlobeAir2779,89,5,2.5
PacificWings3910,51,0,1.1
JetFly4373,93,1,4.5
JetFly9495,60,2,5.0
SkyWave9789,139,1,3.2
SkyWave4369,140,1,4.3
JetFly4325,79,2,4.2
GlobeAir2048,70,3,5.0
GlobeAir8580,90,0,3.8
JetFly5873,131,1,1.0
GlobeAir8501,64,4,2.6
SkyWave3587,106,4,1.2
GlobeAir7738,125,0,1.5
JetFly7719,135,2,5.0
AirNSR2199,50,0,2.8
AirNSR1175,89,4,1.0
GlobeAir8558,89,1,1.3
SkyWave8713,107,2,4.9
JetFly3034,54,5,4.0
JetFly3514,114,0,2.6
SkyWave8242,96,1,2.3
GlobeAir1858,103,1,2.0
JetFly4908,50,4,3.7
JetFly4148,123,6,1.6
SkyWave1721,145,1,3.2
PacificWings4393,85,1,3.9
JetFly6298,56,1,5.0
GlobeAir4606,99,5,1.0
SkyWave7735,108,3,5.0
SkyWave5127,62,1,1.0
JetFly3872,87,1,3.7
GlobeAir7264,134,6,1.7
SkyWave1347,114,1,2.0
PacificWings2300,108,4,3.1
GlobeAir4348,117,3,2.4
JetFly3199,77,1,4.5
JetFly1388,58,3,2.4
SkyWave4644,52,1,3.1
AirNSR9055,75,3,3.5
AirNSR3845,63,1,1.6
JetFly3689,83,1,2.2
JetFly8344,95,2,1.8
GlobeAir7188,147,1,3.3
SkyWave8897,99,3,3.0
PacificWings9801,84,4,5.0
JetFly7146,90,2,4.3
SkyWave3535,110,1,5.0
GlobeAir7628,66,3,4.0
PacificWings2167,147,4,4.0
SkyWave4182,69,1,2.4
JetFly1945,108,1,5.0
JetFly1462,91,4,4.1
JetFly5053,134,0,2.7
GlobeAir2316,110,2,4.9
JetFly5951,126,1,1.0
AirNSR6642,84,1,5.0
JetFly1105,56,3,1.3
PacificWings7829,108,2,2.7
SkyWave8970,142,2,2.7
SkyWave4292,84,3,1.9
GlobeAir2789,53,1,3.9
AirNSR6605,78,1,1.6
AirNSR2000,77,2,2.3
AirNSR4458,107,0,3.3
GlobeAir8753,83,1,3.1
JetFly4925,83,4,1.7
JetFly2641,129,3,3.1
AirNSR3013,130,0,5.0
GlobeAir9436,124,2,3.6
AirNSR6333,128,3,3.5
AirNSR6707,117,3,5.0
PacificWings4196,107,1,1.0
AirNSR3094,50,2,2.6
SkyWave8311,127,2,1.4
SkyWave2465,79,0,4.3
GlobeAir5593,81,2,3.1
SkyWave9757,127,1,5.0
PacificWings2059,63,5,1.0
GlobeAir4823,140,2,2.0
JetFly4082,79,2,2.9
AirNSR6092,100,3,4.2
JetFly3069,145,3,1.7
JetFly3370,128,1,2.8
SkyWave1562,86,1,4.7
JetFly8836,61,4,1.2
SkyWave4450,73,3,3.7
JetFly3608,130,2,3.4
GlobeAir7407,101,3,3.4
PacificWings7451,88,1,5.0
JetFly8496,59,1,1.0
SkyWave4573,50,1,3.5
GlobeAir7997,99,1,1.0
AirNSR2922,52,4,2.3
SkyWave1556,78,1,2.0
SkyWave7150,71,2,4.2
JetFly1190,104,0,1.3
SkyWave1377,147,3,3.3
GlobeAir8932,107,4,1.9
PacificWings4029,94,2,2.8
GlobeAir2047,79,5,4.7
SkyWave3948,58,2,2.3
PacificWings4378,139,3,3.0
AirNSR3043,132,1,3.2
SkyWave5925,121,4,2.5
SkyWave9035,55,6,2.6
SkyWave2622,94,0,3.1
SkyWave4539,112,3,5.0
AirNSR5177,100,1,2.3
JetFly7968,80,2,1.9
JetFly9379,61,3,2.2
GlobeAir1424,137,2,3.4
PacificWings7664,54,2,3.8
JetFly3397,60,2,3.7
GlobeAir2720,53,1,3.3
AirNSR9666,118,3,2.0
SkyWave6210,127,2,4.6
GlobeAir3090,101,4,4.2
SkyWave7206,132,8,1.9
PacificWings7852,92,0,1.0
JetFly5519,87,4,2.4
JetFly7660,102,2,1.4
AirNSR3705,150,4,2.2
AirNSR7946,62,1,5.0
AirNSR7643,71,2,4.6
JetFly5001,91,1,4.1
SkyWave3864,78,1,3.3
GlobeAir9118,100,1,3.9
PacificWings2931,54,0,2.2
PacificWings7449,99,1,2.4
GlobeAir8999,86,2,4.5
JetFly2755,52,2,2.1
AirNSR8058,57,2,1.0
GlobeAir3029,85,3,3.9
JetFly5903,106,4,2.7
AirNSR8185,87,3,4.5
JetFly4251,116,1,4.2
JetFly1517,101,1,4.2
PacificWings9119,109,2,3.2
SkyWave2797,126,1,1.7
SkyWave1852,88,4,1.8
JetFly8961,121,2,2.3
SkyWave5087,98,3,2.4
GlobeAir4250,149,1,4.2
PacificWings3436,131,1,4.2
SkyWave7984,131,4,3.7
JetFly4791,124,1,3.2
AirNSR5985,116,3,2.7
SkyWave6240,125,2,3.1
SkyWave5674,84,1,3.1
JetFly9049,115,2,3.6
PacificWings3134,82,2,4.2
PacificWings7088,116,1,3.9
SkyWave2971,58,2,1.3
PacificWings6618,109,6,1.3
AirNSR3094,51,3,1.0
JetFly6996,133,1,4.2
PacificWings9255,81,5,1.0
JetFly1744,101,3,1.0
GlobeAir9723,63,4,1.0
PacificWings7393,53,4,3.7
SkyWave1145,56,5,3.3
JetFly5399,108,3,5.0
JetFly1640,109,1,1.0
SkyWave4440,50,2,2.9
JetFly2363,146,1,3.1
JetFly6318,59,0,3.7
SkyWave5194,106,1,3.5
PacificWings4377,112,2,4.2
SkyWave8308,147,1,1.6
GlobeAir3973,78,1,2.0
SkyWave5621,133,1,4.1
SkyWave2137,111,3,3.0
AirNSR9630,90,2,3.8
AirNSR1222,123,1,5.0
AirNSR1153,89,2,4.9
PacificWings8279,126,3,1.7
PacificWings5382,75,0,2.1
AirNSR9381,75,2,4.5
GlobeAir3414,54,2,3.0
GlobeAir3778,106,1,1.0
JetFly2939,117,4,5.0
GlobeAir9691,63,2,2.3
PacificWings5702,64,2,2.4
AirNSR1035,59,4,2.9
AirNSR2854,106,3,2.6
SkyWave3979,63,1,1.8
PacificWings6463,123,1,4.8
PacificWings9070,140,2,3.8
PacificWings4593,147,2,4.8
JetFly8764,104,3,2.1
JetFly8543,56,0,2.1
SkyWave2920,54,3,3.0
JetFly1886,85,3,3.9
SkyWave6984,128,1,1.6
SkyWave3988,53,3,4.9
GlobeAir7742,71,1,1.0
AirNSR1526,61,1,1.4
GlobeAir5227,84,2,2.6
JetFly2506,86,3,2.2
SkyWave7427,87,1,3.8
GlobeAir3700,61,3,4.3
AirNSR2274,95,2,3.1
AirNSR2070,92,0,5.0
AirNSR4937,125,3,2.5
AirNSR1787,104,1,1.7
GlobeAir9195,107,5,4.6
AirNSR6428,85,1,2.9
AirNSR7260,79,4,1.0
AirNSR2528,79,3,3.0
PacificWings9459,79,1,3.6
JetFly5765,135,2,4.8
PacificWings2228,134,1,3.2
PacificWings2428,116,1,5.0
SkyWave2116,88,2,2.6
JetFly8753,134,2,3.8
GlobeAir1648,122,2,5.0
GlobeAir7008,143,2,1.0
GlobeAir5306,102,2,2.3
AirNSR3532,139,1,4.6
SkyWave7360,93,0,2.4
GlobeAir2787,97,2,2.5
GlobeAir4268,70,3,1.0
GlobeAir4483,79,2,1.8
GlobeAir3384,122,1,5.0
AirNSR6922,63,2,2.8
GlobeAir5421,111,1,1.8
AirNSR5887,149,5,4.0
SkyWave1880,137,2,3.1
GlobeAir8890,53,2,2.7
GlobeAir1162,77,2,1.9
JetFly1232,143,0,4.1
AirNSR7658,79,4,2.3
GlobeAir2596,96,2,4.3
SkyWave7185,81,2,5.0
AirNSR7066,50,1,4.3
GlobeAir8471,146,3,4.1
PacificWings6502,57,3,2.9
PacificWings3664,89,3,4.7
JetFly2625,129,4,4.9
AirNSR9133,138,3,1.3
JetFly7891,124,2,3.2
SkyWave8693,124,4,5.0
AirNSR7138,73,4,3.2
JetFly7794,99,4,2.9
SkyWave7134,130,2,4.4
SkyWave7412,101,2,5.0
GlobeAir3111,94,3,2.1
SkyWave2631,77,6,1.0
PacificWings3605,142,1,1.0
PacificWings3507,99,0,4.7
GlobeAir6867,141,4,3.8
SkyWave7194,64,2,3.4
PacificWings2694,144,0,3.5
JetFly5292,128,0,2.8
GlobeAir2649,111,2,2.4
SkyWave7879,132,2,3.4
JetFly1166,108,1,1.0
PacificWings9953,80,0,1.4
PacificWings1484,63,4,1.0
JetFly2880,108,4,2.5
JetFly5483,77,3,1.0
GlobeAir9123,122,4,2.3
JetFly7436,88,2,3.4
GlobeAir8309,147,2,2.9
GlobeAir8033,104,5,2.3
PacificWings5146,138,2,4.2
JetFly7525,69,3,3.8
JetFly5019,84,1,4.0
AirNSR1157,114,1,5.0
JetFly4811,113,5,2.5
SkyWave2686,141,3,5.0
PacificWings7909,142,2,2.2
GlobeAir9169,69,2,4.3
PacificWings6355,75,2,3.7
PacificWings1076,145,2,4.0
PacificWings1640,121,1,3.3
JetFly5500,94,6,3.1
GlobeAir1771,117,6,1.2
JetFly2683,98,2,4.4
GlobeAir4708,92,1,2.4
AirNSR1860,134,2,2.1
JetFly6395,81,2,5.0
GlobeAir2964,129,4,3.9
GlobeAir3004,69,1,4.5
JetFly6274,111,0,4.9
JetFly4971,134,2,1.8
SkyWave8670,99,1,5.0
PacificWings9420,120,3,5.0
AirNSR3130,108,2,2.0
SkyWave7556,134,2,1.3
PacificWings2672,61,3,3.7
AirNSR8550,83,1,2.9
JetFly5351,139,1,3.1
PacificWings8059,60,2,4.5
AirNSR7267,80,4,2.4
JetFly9676,85,1,4.2
SkyWave2819,123,1,2.6
AirNSR9718,75,2,3.8
GlobeAir7437,65,2,3.5
SkyWave6695,147,1,3.2
PacificWings8811,111,0,1.7
SkyWave6442,127,1,4.1
SkyWave5322,99,3,1.0
PacificWings1016,106,1,2.7
PacificWings5762,54,3,3.4
AirNSR5990,105,2,3.0
GlobeAir5153,50,0,2.6
PacificWings8935,96,2,3.3
SkyWave7722,96,0,1.0
GlobeAir6888,121,0,3.7
PacificWings8360,132,0,1.9
PacificWings7836,62,0,1.0
PacificWings3014,111,5,4.2
GlobeAir3410,79,3,2.1
JetFly8976,90,0,1.0
SkyWave5636,109,1,2.7
JetFly1010,127,2,3.3
PacificWings3540,66,2,2.6
JetFly4585,65,1,4.6
GlobeAir7539,141,2,2.6
PacificWings8140,65,2,2.5
PacificWings4268,99,2,3.2
PacificWings4004,67,4,3.3
PacificWings6858,93,2,4.1
GlobeAir1453,53,3,2.0
PacificWings5954,100,1,2.5
JetFly1877,139,3,1.0
GlobeAir1890,125,1,2.8
JetFly8888,121,1,3.0
SkyWave9458,128,2,4.1
JetFly6093,74,2,4.6
SkyWave2983,97,4,3.5
PacificWings8271,146,2,1.1
SkyWave4849,83,1,2.7
AirNSR8083,100,2,1.7
SkyWave9380,88,3,3.1
PacificWings9076,101,2,4.0
GlobeAir7830,76,1,1.0
GlobeAir1180,125,4,2.8
SkyWave8666,118,4,1.0
SkyWave6715,138,4,3.4
JetFly6558,126,0,2.7
GlobeAir7168,107,1,3.4
JetFly3120,51,2,1.0
AirNSR1483,63,3,2.0
JetFly4793,87,3,3.6
GlobeAir2054,134,2,1.8
GlobeAir7132,130,2,1.7
GlobeAir3182,132,3,3.9
SkyWave4296,91,2,1.2
AirNSR1397,96,2,3.4
GlobeAir9955,112,3,5.0
PacificWings8761,50,2,2.4
AirNSR8190,79,1,3.5
PacificWings5886,126,4,4.1
JetFly1369,141,1,3.2
AirNSR3586,80,4,2.3
PacificWings9192,82,1,3.7
PacificWings8716,134,0,4.3
JetFly1973,66,1,5.0
SkyWave9086,110,0,3.6
PacificWings2320,139,4,4.6
AirNSR9136,62,5,2.5
SkyWave1351,142,3,4.0
AirNSR8899,119,2,3.0
GlobeAir3257,100,5,2.8
JetFly4172,100,2,3.2
PacificWings1164,145,3,3.0
SkyWave1931,124,0,2.7
JetFly6728,69,2,2.6
AirNSR2258,96,1,2.3
SkyWave8266,91,4,3.7
PacificWings5383,66,3,2.6
PacificWings8966,127,0,4.0
SkyWave5996,133,3,4.6
AirNSR4851,57,3,3.9
JetFly5554,92,4,1.3
GlobeAir9115,53,2,2.9
GlobeAir4021,129,2,2.4
AirNSR6508,72,1,2.0
GlobeAir8004,99,0,4.6
PacificWings8594,56,1,1.0
SkyWave3160,50,0,3.6
PacificWings5846,56,0,2.9
JetFly1202,135,2,5.0
GlobeAir8581,60,4,5.0
GlobeAir4569,150,4,5.0
PacificWings6145,64,2,1.3
JetFly9108,135,0,1.0
AirNSR4812,148,3,3.8
JetFly1687,145,2,3.2
JetFly9854,57,5,4.8
AirNSR9372,60,1,3.4
AirNSR7987,91,1,3.4
JetFly7686,104,0,2.7
AirNSR5765,59,1,4.0
PacificWings9326,103,1,5.0
SkyWave7243,59,1,2.0
PacificWings7849,124,3,2.9
GlobeAir9592,108,3,2.3
JetFly4998,74,2,1.0
AirNSR4949,121,0,1.5
AirNSR6935,83,1,3.0
PacificWings5013,150,4,1.8
JetFly2932,82,1,5.0
GlobeAir4245,148,0,1.4
PacificWings8698,145,1,4.3
SkyWave2196,129,4,3.9
JetFly3088,130,0,1.9
PacificWings2765,115,0,1.6
GlobeAir8138,60,2,4.0
PacificWings2372,67,4,2.0
GlobeAir6250,61,3,1.0
SkyWave5871,79,0,3.1
PacificWings9326,50,3,1.5
SkyWave1687,56,5,3.2
JetFly2629,136,1,1.6
GlobeAir4664,144,2,1.9
SkyWave5565,121,2,1.9
AirNSR1651,115,3,5.0
JetFly4328,67,5,3.7
JetFly2795,133,2,4.6
SkyWave5562,147,1,2.9
AirNSR6359,74,0,1.2
AirNSR6157,117,2,2.4
AirNSR1130,88,1,2.3
SkyWave5346,135,1,2.4
SkyWave4253,98,1,1.8
GlobeAir4416,123,5,4.6
SkyWave6713,129,2,2.9
JetFly8947,56,4,2.1
AirNSR4586,147,2,4.4
AirNSR3886,137,2,3.3
SkyWave8925,137,4,3.6
PacificWings4524,140,0,5.0
GlobeAir7412,121,3,2.4
GlobeAir4587,101,0,3.5
SkyWave9782,111,0,5.0
PacificWings1326,66,2,5.0
AirNSR1806,75,5,3.0
PacificWings7480,136,1,4.7
GlobeAir4532,77,0,2.1
AirNSR9216,59,1,3.5
SkyWave5051,57,3,3.0
GlobeAir3149,83,1,1.4
AirNSR1241,135,0,3.5
PacificWings6114,83,0,4.0
SkyWave2633,117,0,5.0
GlobeAir5563,65,3,2.0
AirNSR9143,113,0,3.3
SkyWave1407,136,6,4.1
JetFly6446,109,3,3.0
PacificWings5095,130,2,2.4
PacificWings4808,81,0,2.4
SkyWave1598,130,2,1.3
PacificWings9007,102,0,1.7
PacificWings2334,96,0,2.9
SkyWave9518,90,4,3.6
AirNSR7949,142,2,1.0
GlobeAir7543,103,0,4.3
PacificWings6281,58,7,3.8
SkyWave7082,127,1,4.6
SkyWave3690,67,0,2.8
GlobeAir2098,66,2,1.5
PacificWings8513,59,1,1.0
AirNSR6741,148,4,1.5
JetFly7982,117,2,3.1
PacificWings9864,120,2,2.4
JetFly3921,67,3,4.1
JetFly5542,67,2,2.8
SkyWave2496,52,4,4.1
JetFly2274,102,3,5.0
JetFly5957,77,3,1.0
GlobeAir6816,146,3,1.0
SkyWave3721,60,4,3.0
JetFly2970,117,2,1.0
GlobeAir6668,143,3,4.9
GlobeAir7130,100,3,1.6
AirNSR6085,86,5,1.2
AirNSR5473,65,0,3.9
JetFly1937,111,4,3.1
GlobeAir3847,99,3,1.0
SkyWave3156,58,2,1.5
JetFly2597,131,2,5.0
JetFly6185,130,0,4.8
GlobeAir2007,130,1,4.3
AirNSR3827,141,3,1.0
GlobeAir3833,78,1,3.5
GlobeAir2410,53,1,4.6
AirNSR4041,69,4,4.2
JetFly8542,74,2,2.3
JetFly1873,102,1,1.6
GlobeAir4702,83,2,4.4
JetFly8202,147,4,5.0
PacificWings8367,64,3,1.4
PacificWings4451,138,4,2.1
PacificWings5406,130,0,2.5
JetFly1515,105,3,3.5
PacificWings6291,127,2,4.6
AirNSR6879,80,2,2.3
SkyWave6865,104,1,1.0
GlobeAir8478,114,2,1.4
JetFly7114,74,2,2.5
PacificWings2767,90,1,4.5
PacificWings1467,130,3,3.5
SkyWave3286,128,1,2.8
SkyWave6670,125,2,3.1
SkyWave3819,58,3,3.3
GlobeAir2477,102,3,2.4
AirNSR8820,109,2,1.0
SkyWave8738,105,2,4.2
GlobeAir3105,85,2,2.4
PacificWings7452,51,1,3.5
AirNSR4632,81,0,3.3
PacificWings1026,68,1,4.3
GlobeAir4079,78,5,5.0
SkyWave7974,150,0,2.9
AirNSR5276,123,1,5.0
GlobeAir2353,135,2,2.9
SkyWave6226,58,2,2.8
GlobeAir1893,141,5,1.0
PacificWings7108,123,0,4.7
SkyWave7947,143,4,4.0
PacificWings5224,79,4,2.5
GlobeAir1795,134,2,3.3
JetFly1820,72,2,3.3
AirNSR9892,93,1,3.6
JetFly5877,67,3,3.4
SkyWave3871,150,1,3.0
JetFly6658,118,3,1.0
AirNSR6350,69,2,1.0
GlobeAir9398,131,3,3.8
SkyWave5208,101,2,2.8
PacificWings9422,108,2,4.2
SkyWave8158,63,2,5.0
GlobeAir3969,72,2,2.9
SkyWave5501,98,2,3.7
AirNSR6318,127,2,3.7
GlobeAir7893,80,4,1.2
AirNSR6618,109,1,2.3
SkyWave9720,124,2,3.6
AirNSR8971,83,3,3.8
JetFly5981,127,2,1.4
PacificWings3731,129,1,3.9
JetFly9040,122,1,4.0
AirNSR2588,91,3,1.4
SkyWave7571,71,2,3.5
JetFly6233,73,1,1.0
GlobeAir4688,90,3,1.0
SkyWave3910,73,3,3.0
SkyWave2610,128,2,5.0
PacificWings4673,103,3,3.6
AirNSR6325,147,4,3.2
JetFly1372,82,1,4.1
GlobeAir7046,83,2,1.7
AirNSR1506,88,1,4.2
SkyWave3897,137,2,3.5
SkyWave5011,116,0,3.3
PacificWings8703,85,3,1.6
AirNSR9751,147,1,4.4
AirNSR6953,81,2,3.8
AirNSR3391,145,2,3.2
SkyWave4982,130,2,4.5
GlobeAir9053,104,1,4.0
GlobeAir5225,148,2,2.2
PacificWings5725,140,0,3.0
JetFly3593,143,5,2.7
SkyWave3400,119,2,2.7
AirNSR4467,105,1,1.0
PacificWings9467,114,1,1.5
PacificWings9209,64,1,1.8
SkyWave9605,64,4,4.8
JetFly4683,59,1,1.3
SkyWave6840,89,1,2.4
SkyWave4318,150,0,3.8
AirNSR5447,78,2,3.9
SkyWave5009,78,1,3.9
SkyWave1659,55,0,3.8
AirNSR3171,104,3,5.0
PacificWings8819,82,1,3.2
SkyWave8836,53,2,3.0
PacificWings4522,127,3,5.0
AirNSR8252,140,3,3.1
JetFly9070,116,1,3.6
JetFly9719,53,1,4.5
AirNSR3984,91,1,2.2
SkyWave2074,121,1,2.2
SkyWave4171,113,1,5.0
PacificWings8731,111,2,4.3
JetFly3562,60,0,3.9
SkyWave6335,92,1,2.8
SkyWave5306,90,0,5.0
JetFly8368,139,3,4.4
GlobeAir1906,94,2,5.0
AirNSR4313,126,4,3.5
GlobeAir6336,136,4,3.2
JetFly2750,134,0,2.0
GlobeAir1753,150,2,3.4
GlobeAir1971,138,1,1.5
GlobeAir5656,57,2,4.0
SkyWave3464,148,1,3.8
SkyWave6371,131,3,3.5
SkyWave2114,99,2,4.3
SkyWave6263,139,0,2.1
JetFly1379,71,2,5.0
AirNSR9657,149,2,2.7
PacificWings6358,111,4,5.0
AirNSR2509,117,0,1.7
PacificWings8675,111,2,1.6
JetFly8630,128,1,5.0
JetFly8439,56,3,4.1
AirNSR7388,71,1,3.2
SkyWave6351,95,2,4.2
JetFly3500,123,0,5.0
PacificWings1646,62,2,3.5
SkyWave4304,138,2,4.7
JetFly1447,69,3,4.1
GlobeAir1806,52,2,1.2
PacificWings3042,141,1,2.4
SkyWave4434,143,1,5.0
GlobeAir4129,84,2,3.3
PacificWings2834,99,2,3.7
AirNSR6811,80,1,4.0
SkyWave2383,109,0,3.3
AirNSR3305,71,0,1.7
SkyWave8697,64,2,4.2
JetFly7797,102,2,4.3
SkyWave6981,72,1,4.2
JetFly5344,142,1,3.1
AirNSR3364,100,3,5.0
SkyWave3591,100,2,3.1
AirNSR8793,142,2,1.0
AirNSR6102,52,2,2.9
JetFly2579,77,2,1.0
PacificWings3126,68,1,2.3
JetFly2724,74,2,4.3
JetFly8571,91,0,4.5
SkyWave6373,115,1,3.7
GlobeAir1786,88,3,3.3
SkyWave7500,59,1,1.3
SkyWave7646,118,1,3.7
AirNSR5576,50,2,4.2
PacificWings8476,72,2,4.8
GlobeAir1416,129,2,1.9
AirNSR5844,90,1,3.8
PacificWings3991,94,1,3.2
AirNSR4255,134,3,2.3
PacificWings1769,129,1,1.2
SkyWave7135,125,5,5.0
SkyWave3491,122,3,2.1
JetFly7386,112,1,1.0
JetFly1005,109,5,3.4
PacificWings2094,148,1,1.0
SkyWave7410,79,3,3.7
AirNSR4707,142,5,2.2
SkyWave4372,108,2,2.6
AirNSR9529,123,3,3.2
JetFly3045,75,2,1.0
JetFly1671,127,0,4.1
GlobeAir5769,95,0,3.2
PacificWings6940,112,3,2.7
JetFly5519,124,1,4.0
JetFly2361,90,2,3.2
SkyWave8106,147,1,1.4
GlobeAir9502,94,2,2.3
PacificWings2555,58,3,4.0
GlobeAir7451,122,2,2.3
PacificWings1610,132,1,3.1
AirNSR6389,68,1,1.7
JetFly6875,82,3,3.8
JetFly8507,142,1,4.8
JetFly7575,107,3,5.0
JetFly9818,84,1,3.2
GlobeAir6126,137,4,5.0
JetFly8953,60,2,1.4
SkyWave6288,59,4,2.6
PacificWings5853,58,4,2.1
AirNSR2483,111,2,3.0
PacificWings6796,136,2,1.5
PacificWings2346,77,2,5.0
JetFly1431,100,6,5.0
GlobeAir4538,108,3,3.0
GlobeAir8191,51,2,2.0
GlobeAir7342,77,3,5.0
SkyWave6245,140,4,3.5
PacificWings3109,117,3,2.2
PacificWings4732,104,2,1.8
GlobeAir8174,68,2,1.0
PacificWings1942,95,1,3.2
AirNSR5523,100,3,5.0
GlobeAir3184,133,4,2.0
JetFly4810,109,0,2.3
JetFly1111,105,0,3.8
PacificWings2042,63,1,4.1
PacificWings3938,63,1,5.0
AirNSR2542,70,5,1.8
SkyWave6624,96,1,3.9
JetFly9186,121,4,2.3
AirNSR6565,87,2,3.0
AirNSR1969,143,0,3.9
AirNSR1076,70,3,2.8
PacificWings7141,76,1,2.8
SkyWave6656,76,0,3.8
SkyWave9312,53,3,3.4
AirNSR6106,51,2,1.1
AirNSR9153,119,4,3.1
GlobeAir8338,55,4,3.5
GlobeAir4085,96,0,2.2
PacificWings2618,100,1,2.2
PacificWings9715,81,2,3.2
JetFly3219,54,3,2.6
AirNSR9035,145,4,1.4
GlobeAir6011,115,4,3.7
SkyWave2461,139,2,1.0
AirNSR1773,68,0,3.9
GlobeAir9329,123,3,4.8
SkyWave2616,71,4,1.0
SkyWave9114,130,2,3.2
JetFly1077,82,4,3.7
GlobeAir1733,131,1,1.5
GlobeAir6074,121,0,4.1
GlobeAir5556,67,3,2.2
AirNSR8358,115,1,1.3
AirNSR4004,109,3,2.3
JetFly9786,78,1,1.0
GlobeAir4311,71,2,1.0
GlobeAir8844,64,3,5.0
AirNSR2104,55,1,5.0
GlobeAir1672,110,2,1.0
PacificWings1232,137,2,1.6
GlobeAir4287,141,0,3.2
AirNSR4690,116,1,1.6
AirNSR5026,117,1,4.0
JetFly1929,75,5,1.8
SkyWave6270,60,0,2.7
GlobeAir1056,71,5,1.1
SkyWave1576,131,0,1.9
JetFly7336,106,1,5.0
GlobeAir8850,79,1,4.4
SkyWave7364,141,1,1.2
SkyWave1697,104,3,2.4
SkyWave6782,95,2,4.3
GlobeAir7364,147,1,4.2
PacificWings4373,87,1,3.0
JetFly8591,119,6,1.0
GlobeAir2780,94,0,5.0
SkyWave6532,69,4,5.0
SkyWave8257,73,0,5.0
PacificWings3553,50,5,3.7
SkyWave8973,110,2,2.9
AirNSR1351,67,3,2.2
SkyWave3467,50,4,2.3
PacificWings8317,58,1,1.0
PacificWings3618,128,1,4.9
GlobeAir3593,107,0,2.6
AirNSR3402,52,3,2.5
GlobeAir7215,120,1,2.7
GlobeAir3979,87,3,2.2
AirNSR7061,67,2,5.0
SkyWave2818,119,1,2.3
AirNSR7844,110,1,2.6
PacificWings1384,82,2,4.8
JetFly5310,136,2,4.4
AirNSR6454,58,3,1.5
AirNSR5959,105,3,2.2
JetFly7146,137,4,1.0
GlobeAir6605,141,4,3.9
JetFly5369,70,1,3.2
PacificWings2859,112,0,1.5
JetFly2064,128,1,1.9
AirNSR6589,139,1,2.6
JetFly2733,105,4,1.0
SkyWave2502,147,1,3.2
GlobeAir6249,76,2,2.9
PacificWings4048,130,3,1.0
GlobeAir4029,100,3,1.0
SkyWave9880,91,2,2.9
SkyWave4064,58,3,3.9
JetFly7754,70,1,3.6
SkyWave9692,129,2,4.6
GlobeAir6639,143,2,1.2
JetFly6922,143,1,4.4
GlobeAir6867,91,3,3.0
PacificWings4117,95,1,1.4
JetFly7606,92,2,1.7
GlobeAir1401,61,2,3.5
GlobeAir3830,137,2,3.6
SkyWave5438,140,0,1.8
PacificWings5549,52,5,5.0
GlobeAir3618,52,1,1.0
GlobeAir5740,96,2,1.0
GlobeAir1212,60,1,2.7
PacificWings2996,54,2,2.3
SkyWave7054,115,1,2.1
SkyWave4431,64,0,3.0
JetFly6582,129,3,1.7
PacificWings4750,88,2,1.1
AirNSR6135,138,1,1.8
PacificWings9043,118,4,2.9
JetFly3344,148,5,1.7
JetFly6835,82,0,1.2
GlobeAir6147,140,3,2.8
PacificWings2972,66,3,3.4
JetFly5066,66,3,2.6
SkyWave5851,104,2,4.3
SkyWave8318,72,3,4.8
JetFly8470,76,0,2.6
PacificWings3105,138,0,4.9
GlobeAir7042,56,4,1.9
JetFly7480,51,1,1.0
PacificWings1645,76,2,3.9
SkyWave3483,103,0,2.0
JetFly6540,51,2,5.0
AirNSR9596,107,1,5.0
SkyWave8348,67,1,3.5
PacificWings1396,66,2,5.0
SkyWave3255,80,2,2.3
AirNSR9359,91,2,1.5
SkyWave1589,54,0,3.7
PacificWings7031,69,0,3.1
PacificWings5610,145,3,4.1
PacificWings5198,133,3,1.0
GlobeAir1472,117,2,5.0
AirNSR7348,79,1,4.7
SkyWave5970,50,2,3.3
SkyWave9373,140,0,2.7
SkyWave9185,74,1,4.2
GlobeAir8867,135,1,4.8
AirNSR1511,84,2,2.2
JetFly8291,137,1,2.6
GlobeAir7108,68,4,3.5
AirNSR5948,131,3,2.4
GlobeAir3860,85,2,4.9
PacificWings5475,75,1,4.8
SkyWave2067,108,2,1.0
GlobeAir3867,92,1,3.1
JetFly8850,76,2,4.1
SkyWave8339,123,3,2.5
PacificWings9004,64,2,2.4
GlobeAir8741,105,2,1.8
SkyWave6254,148,4,1.9
JetFly5791,123,1,2.2
AirNSR5148,68,2,2.2
PacificWings3691,121,1,1.4
SkyWave3285,53,3,4.1
PacificWings1687,127,0,5.0
SkyWave4715,64,0,2.9
PacificWings7471,103,1,3.0
AirNSR4699,140,3,2.2
AirNSR9113,100,2,2.8
JetFly4428,78,1,2.8
JetFly2983,65,4,3.2
AirNSR7912,104,3,5.0
JetFly4415,150,4,1.0
PacificWings1686,104,0,2.5
GlobeAir7287,128,3,1.1
GlobeAir1447,99,0,2.3
AirNSR2359,121,2,2.6
PacificWings8688,110,2,5.0
SkyWave7727,143,2,1.0
PacificWings8281,136,2,4.4
GlobeAir9776,89,5,3.4
SkyWave8401,51,2,3.1
AirNSR3536,81,0,2.0
SkyWave7172,76,1,3.8
GlobeAir4747,50,2,4.5
PacificWings1387,82,2,4.3
JetFly9904,97,2,2.4
GlobeAir2096,85,1,5.0
SkyWave3253,82,0,2.2
GlobeAir9944,58,3,2.1
PacificWings7770,52,2,2.2
GlobeAir1183,99,1,3.8
PacificWings9692,62,4,2.4
GlobeAir4498,105,2,2.7
GlobeAir9870,100,4,2.7
AirNSR8826,83,1,2.4
JetFly4692,124,1,4.5
GlobeAir1453,109,1,2.2
SkyWave8853,50,0,2.0
SkyWave9540,53,3,3.0
GlobeAir2086,137,2,4.9
JetFly5544,119,5,3.4
PacificWings6359,86,3,1.0
PacificWings3248,87,1,1.7
PacificWings2031,150,1,4.3
PacificWings4732,144,1,4.6
JetFly4143,92,8,5.0
GlobeAir4085,120,0,2.8
PacificWings6261,53,1,2.0
SkyWave4370,62,1,2.4
GlobeAir5435,92,1,1.0
AirNSR5137,143,1,3.8
AirNSR4095,133,1,2.2
PacificWings7889,62,3,2.0
PacificWings2770,112,1,2.9
AirNSR6920,102,1,2.2
PacificWings5397,88,5,5.0
AirNSR1161,68,0,2.6
SkyWave4611,124,2,1.4
SkyWave1376,102,3,2.7
SkyWave9875,138,1,4.0
JetFly8966,71,0,2.4
PacificWings3713,116,3,1.4
GlobeAir7335,50,4,1.4
GlobeAir8250,125,3,4.3
PacificWings5451,66,1,3.5
GlobeAir9315,87,2,3.0
SkyWave2267,62,2,4.0
JetFly7637,65,3,4.0
PacificWings8695,95,4,1.5
GlobeAir6655,50,2,4.1
GlobeAir2465,90,3,2.1
GlobeAir3590,52,1,2.4
PacificWings4206,133,1,3.8
SkyWave2513,128,5,2.9
GlobeAir3441,102,1,4.2
SkyWave7708,128,1,1.0
PacificWings1854,123,0,3.4
SkyWave4870,140,0,3.5
JetFly3928,103,2,4.8
SkyWave3502,62,2,4.7
JetFly9409,143,2,4.1
AirNSR8685,142,1,2.0
JetFly8576,148,1,1.9
PacificWings1692,74,6,2.7
GlobeAir7471,65,2,1.9
JetFly7638,92,2,4.1
SkyWave1596,70,4,4.4
PacificWings7756,140,4,1.0
SkyWave1262,92,0,4.5
SkyWave5947,97,1,2.3
JetFly8975,70,2,4.0
GlobeAir3136,139,0,2.0
JetFly7128,81,0,2.5
AirNSR5816,139,0,1.1
AirNSR6775,70,2,3.6
SkyWave5417,67,4,3.4
AirNSR8345,134,4,2.0
JetFly5668,120,4,1.9
GlobeAir8100,56,2,4.3
PacificWings2102,91,2,1.7
SkyWave3329,114,1,1.0
AirNSR1721,120,2,4.9
GlobeAir3484,74,2,2.5
SkyWave1613,108,2,1.3
GlobeAir2871,132,0,3.1
GlobeAir5228,106,1,2.1
PacificWings5570,131,2,2.7
JetFly9336,88,3,3.8
JetFly5221,80,4,2.4
SkyWave8607,94,6,2.1
GlobeAir7869,84,1,3.9
GlobeAir2086,144,2,4.8
GlobeAir8752,57,0,5.0
GlobeAir7493,139,2,2.1
SkyWave3701,141,2,2.2
AirNSR2345,89,0,3.9
SkyWave1841,113,3,3.1
JetFly2433,101,6,1.5
PacificWings2349,72,2,1.4
GlobeAir2761,93,2,3.5
JetFly3271,145,1,4.7
AirNSR9133,136,1,2.2
SkyWave8744,75,1,2.7
GlobeAir4852,126,3,4.8
AirNSR2301,96,1,4.3
SkyWave2203,55,2,1.0
GlobeAir7715,148,2,1.0
JetFly3564,63,1,4.0
GlobeAir4056,61,2,5.0
GlobeAir3177,64,3,1.9
SkyWave1121,92,1,2.4
SkyWave1688,149,2,4.0
SkyWave3957,70,3,3.8
PacificWings7111,91,0,3.4
SkyWave4458,90,0,2.2
PacificWings4222,114,2,2.8
GlobeAir1729,137,2,3.2
GlobeAir7836,105,5,2.8
GlobeAir5336,73,0,2.6
JetFly7468,109,2,1.0
SkyWave7504,107,2,5.0
PacificWings9954,140,2,5.0
GlobeAir4496,119,0,2.9
PacificWings6383,120,0,3.7
GlobeAir1338,118,4,2.1
JetFly7808,72,6,4.0
JetFly9885,101,1,2.4
SkyWave2081,55,0,2.3
PacificWings8623,78,4,2.0
JetFly2507,60,3,3.5
AirNSR2415,106,5,2.1
SkyWave8842,85,1,3.2
AirNSR9395,118,3,3.2
PacificWings2096,125,0,2.3
SkyWave1687,52,1,5.0
JetFly6549,80,5,2.8
PacificWings9528,52,4,1.8
PacificWings6582,82,1,2.5
GlobeAir5807,95,2,3.9
JetFly7219,118,1,2.2
JetFly2230,114,4,2.2
JetFly6369,50,4,3.6
PacificWings2640,140,2,3.7
AirNSR3992,147,1,4.1
JetFly9868,125,1,4.2
GlobeAir1667,110,2,2.0
SkyWave2126,65,1,3.4
GlobeAir9879,119,1,2.2
AirNSR6473,105,1,2.2
AirNSR8705,58,2,4.1
AirNSR9568,89,0,4.4
SkyWave7364,66,0,4.8
GlobeAir5713,72,3,5.0
PacificWings9153,127,1,2.5
SkyWave4020,78,4,2.3
SkyWave5095,97,2,2.6
JetFly2845,139,1,1.3
GlobeAir2752,92,0,1.0
JetFly6326,138,1,2.5
SkyWave3390,148,3,3.9
GlobeAir9010,87,1,4.7
SkyWave2006,134,7,4.2
JetFly3305,143,4,3.1
PacificWings2069,96,3,3.5
SkyWave5515,126,3,3.5
SkyWave1280,73,0,3.1
PacificWings3370,55,2,5.0
JetFly9462,91,1,2.9
SkyWave5633,144,0,2.2
PacificWings3997,95,2,3.2
PacificWings7876,122,4,2.3
JetFly7960,102,2,4.1
PacificWings6847,106,3,5.0
JetFly1750,91,1,5.0
SkyWave8058,106,1,2.1
SkyWave7729,113,1,2.7
AirNSR9987,126,3,4.0
AirNSR5201,127,2,2.3
SkyWave2531,61,3,4.5
PacificWings9796,63,3,2.9
GlobeAir4544,137,1,3.4
PacificWings5549,74,0,4.3
PacificWings3691,150,3,4.1
SkyWave3819,107,2,3.3
SkyWave4238,125,3,4.3
PacificWings3203,120,5,2.6
GlobeAir3521,78,1,3.1
AirNSR9733,52,1,2.3
AirNSR3518,140,3,3.8
JetFly9523,89,0,1.8
JetFly8422,147,2,5.0
JetFly6172,92,3,2.2
GlobeAir9772,109,4,3.0
AirNSR4764,102,2,2.2
SkyWave1865,68,1,1.0
AirNSR9329,106,5,3.0
PacificWings9807,82,2,1.0
AirNSR8007,91,4,5.0
PacificWings3421,148,1,2.9
AirNSR6273,137,2,4.4
AirNSR1542,63,1,1.0
AirNSR6283,61,2,5.0
GlobeAir9831,99,2,5.0
JetFly6125,50,3,5.0
JetFly3609,120,1,2.8
GlobeAir9556,122,1,4.9
JetFly7216,95,1,2.8
PacificWings1800,117,4,3.1
AirNSR6922,123,2,4.0
AirNSR4863,109,2,2.9
JetFly1802,54,0,1.0
AirNSR1645,146,3,1.8
PacificWings8537,63,5,3.3
SkyWave3060,94,4,2.5
JetFly9660,134,4,2.7
SkyWave9969,71,3,4.8
SkyWave9656,73,2,4.6
SkyWave7554,64,3,1.1
GlobeAir5875,149,3,1.0
JetFly9656,76,2,3.4
AirNSR8568,75,1,3.6
JetFly1693,98,1,2.1
JetFly9904,140,5,1.0
GlobeAir6041,116,4,1.0
PacificWings1368,126,3,3.4
PacificWings3923,149,3,2.0
JetFly1615,98,1,4.6
SkyWave6817,57,1,5.0
GlobeAir4635,50,3,4.1
PacificWings8642,115,1,2.2
SkyWave9070,75,2,5.0
GlobeAir1569,84,1,2.2
JetFly7378,108,3,3.7
AirNSR1174,105,2,1.4
PacificWings2748,137,1,3.8
PacificWings1214,145,1,3.0
JetFly5647,59,4,2.6
SkyWave7418,66,1,2.1
AirNSR3018,135,2,2.8
GlobeAir9681,114,0,2.2
SkyWave3795,131,1,1.4
SkyWave8393,123,1,4.0
AirNSR5816,116,3,5.0
JetFly1348,125,1,2.4
PacificWings2572,129,0,3.0
AirNSR9523,142,5,1.6
AirNSR7328,79,2,2.7
AirNSR3875,50,0,3.2
PacificWings4004,137,3,1.0
SkyWave4454,113,2,4.5
PacificWings1081,85,0,3.3
GlobeAir9660,99,2,3.6
PacificWings3033,63,1,3.0
PacificWings1778,144,5,4.7
JetFly3978,64,6,2.9
PacificWings7893,145,1,2.9
PacificWings8474,81,3,4.2
PacificWings7293,143,2,5.0
AirNSR9199,123,3,2.1
JetFly3314,127,0,1.0
GlobeAir1376,146,4,3.7
GlobeAir1500,131,1,1.0
PacificWings4610,111,2,5.0
SkyWave1286,123,2,1.3
SkyWave8113,126,1,1.6
PacificWings3402,66,4,5.0
JetFly7667,109,2,3.1
AirNSR3387,63,2,1.3
JetFly4146,131,1,2.0
PacificWings5454,92,3,3.0
AirNSR1106,139,4,3.2
AirNSR1903,100,4,2.3
PacificWings6486,56,1,4.2
JetFly2312,150,2,1.7
SkyWave9549,78,0,5.0
JetFly4612,77,1,1.0
JetFly7401,116,3,1.0
GlobeAir3130,136,2,2.2
GlobeAir8768,112,2,3.8
AirNSR5317,145,2,2.5
AirNSR4199,119,0,5.0
JetFly6863,116,1,3.1
AirNSR8606,136,1,1.9
PacificWings3676,95,1,4.0
PacificWings6206,68,3,1.6
GlobeAir2986,115,0,3.4
JetFly6031,96,3,1.0
AirNSR3307,143,3,3.6
GlobeAir5512,132,3,3.4
AirNSR7526,121,2,1.4
PacificWings3790,128,2,2.7
PacificWings9785,115,0,2.4
SkyWave9947,100,2,4.6
SkyWave9836,115,0,1.7
GlobeAir1477,133,1,2.4
GlobeAir9922,63,2,1.3
GlobeAir9134,119,3,3.3
JetFly1036,148,4,3.7
JetFly3608,148,0,3.5
PacificWings8328,83,2,1.6
PacificWings3854,149,3,1.0
PacificWings1646,80,1,5.0
JetFly9957,123,2,5.0
PacificWings4765,109,1,2.6
PacificWings5781,100,6,5.0
PacificWings2081,139,3,3.2
GlobeAir1586,81,1,2.5
GlobeAir8333,56,2,2.2
AirNSR8405,141,2,2.1
GlobeAir9108,122,1,4.6
PacificWings8151,51,3,2.9
JetFly9456,132,3,2.6
JetFly9591,50,3,3.3
JetFly1849,110,3,3.3
GlobeAir6437,80,3,4.1
SkyWave6613,113,2,3.6
GlobeAir7456,125,2,1.5
SkyWave9727,86,2,3.5
SkyWave9948,128,0,3.7
JetFly4057,124,3,1.3
GlobeAir3747,128,1,4.1
JetFly9679,150,1,2.5
AirNSR7409,143,1,2.6
PacificWings6314,133,1,3.8
JetFly4673,88,0,1.0
PacificWings2220,150,2,2.1
PacificWings6465,85,2,2.7
SkyWave7463,90,1,2.4
JetFly4314,109,1,2.6
GlobeAir8796,137,2,2.0
AirNSR1263,132,2,5.0
JetFly2427,134,2,3.0
AirNSR9580,82,0,2.3
JetFly6914,89,1,2.8
GlobeAir3667,85,1,1.9
PacificWings9297,64,3,3.9
SkyWave9072,55,2,2.3
PacificWings7913,107,2,5.0
SkyWave5989,101,1,3.5
SkyWave1102,124,3,2.4
PacificWings4802,71,0,3.4
AirNSR4413,145,1,3.9
GlobeAir3984,104,6,4.3
PacificWings7276,67,1,4.2
GlobeAir8356,99,2,3.7
SkyWave7001,131,2,1.8
PacificWings4578,148,2,1.2
SkyWave4279,93,2,5.0
AirNSR1966,86,1,3.6
JetFly9020,133,4,3.3
PacificWings3704,79,0,1.0
SkyWave6735,88,0,3.8
PacificWings5352,148,1,2.1
JetFly3333,107,3,3.6
SkyWave2675,95,0,3.1
GlobeAir3876,122,1,2.0
PacificWings4049,63,3,1.0
PacificWings4507,138,3,1.0
AirNSR5967,100,2,2.5
SkyWave9850,53,0,3.1
GlobeAir8586,143,1,4.3
PacificWings6449,83,3,2.2
SkyWave8320,81,4,1.0
AirNSR3655,93,0,2.4
GlobeAir2843,124,3,1.6
PacificWings4981,133,2,1.0
GlobeAir1889,115,2,1.9
PacificWings9010,76,4,3.8
GlobeAir6723,128,2,2.2
PacificWings7460,116,0,1.0
SkyWave7354,92,4,3.1
SkyWave2533,130,5,1.0
JetFly1393,131,1,4.4
SkyWave1928,140,1,5.0
AirNSR4447,122,2,1.9
GlobeAir1793,144,6,5.0
GlobeAir8644,56,5,3.4
AirNSR2846,109,3,2.7
AirNSR1522,127,3,3.4
GlobeAir5074,140,1,2.1
GlobeAir6526,150,3,3.3
PacificWings2697,123,2,4.1
PacificWings7468,104,3,1.8
JetFly3205,96,2,1.4
SkyWave7008,114,2,3.7
SkyWave6656,90,5,2.7
GlobeAir2943,107,0,1.0
JetFly9841,114,2,2.5
JetFly2227,146,1,4.7
AirNSR6928,78,1,5.0
AirNSR3725,136,5,2.7
AirNSR7755,113,2,2.8
JetFly6233,92,0,4.7
AirNSR5091,103,1,5.0
GlobeAir8396,135,1,4.6
GlobeAir6702,120,4,2.5
GlobeAir2743,59,0,4.1
PacificWings1973,98,3,2.7
PacificWings4765,111,1,1.0
GlobeAir3652,117,4,4.8
JetFly8336,89,3,2.2
JetFly1996,77,3,1.6
AirNSR5038,89,1,4.5
JetFly6916,136,3,4.6
SkyWave2871,54,1,4.2
PacificWings9652,112,2,1.4
AirNSR4351,138,4,4.0
PacificWings7595,76,4,2.4
GlobeAir3439,57,0,5.0
GlobeAir1310,106,1,2.9
JetFly6412,133,3,3.1
GlobeAir8956,135,2,4.4
PacificWings4865,62,2,1.0
PacificWings1049,137,1,3.8
AirNSR5186,109,2,5.0
GlobeAir7471,109,4,4.1
GlobeAir8192,99,0,3.8
AirNSR7731,62,2,1.7
GlobeAir8862,137,3,3.0
GlobeAir3998,131,1,5.0
PacificWings2866,74,3,4.1
SkyWave8058,90,2,3.3
PacificWings3810,134,2,1.0
JetFly2557,53,1,3.1
PacificWings9404,132,5,3.2
AirNSR2368,130,1,4.5
JetFly9326,50,3,1.9
PacificWings3264,112,0,2.0
PacificWings8214,115,1,1.0
AirNSR5251,118,4,4.0
SkyWave4095,77,2,4.4
SkyWave9370,99,2,3.7
PacificWings9268,124,2,2.6
AirNSR5376,70,2,4.2
PacificWings7938,69,2,4.8
SkyWave3900,74,2,4.7
GlobeAir6800,75,5,2.2
PacificWings7908,141,2,3.1
PacificWings8033,141,1,1.0
GlobeAir1190,114,4,3.4
PacificWings4983,91,5,1.2
PacificWings4637,86,1,2.5
GlobeAir3252,51,1,2.1
GlobeAir2116,80,0,3.1
SkyWave2850,74,3,2.7
SkyWave7674,102,1,3.7
JetFly4056,124,1,4.0
AirNSR7563,125,3,4.0
JetFly9119,127,4,2.0
AirNSR4166,93,1,2.4
GlobeAir8933,66,4,4.1
PacificWings1685,120,4,4.4
SkyWave2587,92,1,3.4
SkyWave6348,137,3,2.5
PacificWings7917,148,1,2.9
PacificWings8214,55,3,2.5
JetFly6575,143,4,3.9
SkyWave3958,73,1,4.1
AirNSR6755,78,2,1.9
SkyWave9811,61,2,1.0
SkyWave2638,147,0,1.6
GlobeAir1125,67,2,3.3
JetFly9689,137,0,5.0
GlobeAir5488,100,1,5.0
GlobeAir5294,90,3,4.5
GlobeAir8259,75,3,4.1
JetFly4616,70,1,4.0
SkyWave7054,108,2,3.5
GlobeAir6513,80,0,5.0
PacificWings6685,90,2,4.3
AirNSR3865,138,2,5.0
GlobeAir6089,135,1,2.5
AirNSR2698,140,1,1.0
JetFly9739,92,2,2.0
AirNSR2775,65,2,4.9
SkyWave4209,86,1,5.0
GlobeAir1223,129,1,2.8
GlobeAir2247,107,4,1.0
JetFly4748,69,2,1.9
GlobeAir9721,83,4,3.9
JetFly5337,126,0,4.8
SkyWave9248,138,0,2.9
JetFly6005,56,2,2.2
SkyWave2256,74,3,2.5
JetFly9802,67,1,2.1
GlobeAir8182,66,1,5.0
GlobeAir3780,81,2,5.0
AirNSR8778,84,0,3.5
PacificWings7341,111,4,2.7
AirNSR7334,112,1,1.3
JetFly4759,59,2,4.2
PacificWings2132,87,1,3.5
GlobeAir6658,104,2,2.8
JetFly5290,128,1,2.2
JetFly2080,92,1,1.2
SkyWave3020,54,0,1.0
GlobeAir7972,124,2,2.9
AirNSR6014,81,0,3.4
JetFly8363,140,2,2.6
PacificWings9854,95,0,5.0
PacificWings4709,90,4,4.2
AirNSR3473,97,1,3.5
PacificWings4442,94,1,3.6
PacificWings4474,138,1,1.0
SkyWave4768,107,0,3.6
GlobeAir8110,55,2,3.4
PacificWings8878,69,5,2.5
SkyWave7105,54,2,3.2
PacificWings5740,55,2,2.2
GlobeAir5527,102,1,1.6
JetFly2600,64,2,3.7
SkyWave1057,110,2,1.7
JetFly1320,82,3,3.0
AirNSR1213,59,0,2.5
JetFly1025,74,1,4.3
JetFly8691,103,4,1.0
SkyWave8043,89,2,3.0
PacificWings7639,83,2,4.8
SkyWave9846,96,2,3.0
GlobeAir2190,122,2,2.7
GlobeAir2270,85,1,2.2
SkyWave3072,110,1,2.5
GlobeAir9552,100,4,2.4
PacificWings1095,64,2,4.9
JetFly6498,148,4,3.4
AirNSR3260,70,0,2.4
AirNSR9877,63,1,4.3
GlobeAir3257,120,2,2.4
JetFly9392,122,1,2.9
JetFly5364,81,2,3.9
JetFly8964,134,1,1.0
SkyWave3069,126,1,2.9
AirNSR2038,61,2,5.0
GlobeAir3812,131,1,3.5
SkyWave6375,68,3,2.4
SkyWave3636,111,3,1.3
AirNSR7381,136,2,5.0
PacificWings1966,143,2,3.0
SkyWave8599,146,4,4.1
JetFly4725,150,1,3.6
AirNSR8575,51,2,5.0
GlobeAir5201,103,3,3.1
JetFly4719,91,1,3.7
SkyWave7752,53,4,2.8
AirNSR7773,106,0,1.0
JetFly9821,144,2,1.4
AirNSR3518,101,2,1.0
SkyWave6897,63,6,5.0
GlobeAir9682,69,3,2.6
AirNSR8033,71,2,2.6
JetFly9879,69,3,4.6
SkyWave7268,119,2,2.5
JetFly1869,133,2,4.4
JetFly8356,80,4,3.9
SkyWave4374,133,3,3.7
JetFly6317,140,0,1.6
AirNSR4826,130,0,2.5
AirNSR1312,53,1,2.3
GlobeAir1884,96,1,3.3
JetFly4830,99,0,3.8
AirNSR3215,87,3,1.0
JetFly1975,86,1,1.0
AirNSR6234,103,4,3.5
PacificWings5253,121,4,1.7
AirNSR8257,138,4,5.0
PacificWings6999,95,2,2.5
JetFly4542,81,2,3.0
JetFly3065,135,1,2.5
AirNSR2179,50,1,1.3
JetFly3855,82,5,3.9
JetFly3400,97,2,2.2
GlobeAir1213,97,3,2.8
AirNSR2207,91,3,4.3
SkyWave8847,93,1,5.0
SkyWave5734,124,1,1.6
GlobeAir8511,92,1,1.6
JetFly1181,56,5,2.9
GlobeAir4008,66,2,1.0
AirNSR4060,102,0,2.2
AirNSR1249,77,1,5.0
JetFly5002,140,2,4.4
AirNSR2448,92,4,3.2
AirNSR5613,104,4,2.4
GlobeAir6296,50,2,1.0
GlobeAir6106,113,1,2.4
GlobeAir3935,113,3,2.1
AirNSR5191,112,5,3.1
AirNSR8289,148,4,4.5
PacificWings1100,118,2,1.3
SkyWave2106,127,2,1.7
AirNSR6997,136,5,3.5
GlobeAir4464,89,1,2.5
JetFly8598,77,0,3.5
AirNSR1824,79,3,5.0
SkyWave2100,132,2,2.5
GlobeAir3824,67,1,1.0
PacificWings3262,112,2,1.3
SkyWave5825,102,2,2.3
AirNSR5128,74,3,5.0
SkyWave9599,123,4,5.0
AirNSR3073,142,3,1.9
SkyWave4588,126,1,3.7
AirNSR4992,57,3,1.3
JetFly1770,83,1,1.5
JetFly4781,136,3,2.1
AirNSR9802,102,2,1.5
PacificWings2468,54,2,5.0
AirNSR3607,53,2,2.4
JetFly5062,116,3,1.5
SkyWave2329,72,1,1.0
JetFly7649,138,2,3.1
GlobeAir1664,144,5,3.5
PacificWings9390,81,1,3.2
JetFly5923,101,5,1.0
PacificWings4089,122,0,4.2
GlobeAir3740,98,4,1.5
AirNSR2449,142,0,3.3
JetFly6252,134,1,3.0
PacificWings9077,68,1,3.9
SkyWave6097,104,3,4.0
SkyWave3195,122,1,2.4
PacificWings4864,52,2,2.0
SkyWave2270,73,3,2.8
JetFly5375,137,0,2.3
JetFly9181,73,3,2.4
JetFly4266,69,4,3.1
GlobeAir7335,57,1,2.6
SkyWave2295,122,1,1.3
PacificWings6440,106,2,3.6
GlobeAir3336,97,1,3.2
SkyWave2848,93,4,3.9
PacificWings2944,136,1,4.4
AirNSR5338,52,3,3.0
JetFly6189,101,3,1.7
SkyWave8502,63,2,4.9
GlobeAir9697,108,3,1.2
GlobeAir2513,148,2,5.0
SkyWave8093,127,2,4.9
AirNSR2842,54,3,4.6
PacificWings7732,105,1,2.1
PacificWings8044,132,6,3.4
AirNSR5565,109,0,1.8
PacificWings2030,53,1,4.2
AirNSR1414,142,2,1.1
JetFly4052,58,2,2.9
PacificWings5933,93,2,2.3
AirNSR9099,136,0,3.7
JetFly6751,63,2,4.9
PacificWings4055,72,0,2.2
PacificWings6771,54,2,3.0
SkyWave4114,57,2,3.8
SkyWave6800,76,1,2.0
JetFly1569,124,2,2.6
AirNSR9379,76,2,4.2
PacificWings3595,82,1,5.0
SkyWave7495,89,2,2.5
PacificWings3996,128,3,2.6
PacificWings5231,54,5,3.8
SkyWave3378,108,4,2.1
PacificWings1276,105,1,1.0
SkyWave4016,126,1,4.6
JetFly4458,110,3,5.0
SkyWave2092,70,4,2.5
JetFly2712,64,1,2.4
JetFly2999,98,3,1.4
SkyWave7313,73,4,4.2
GlobeAir4755,143,4,4.2
JetFly8801,59,2,2.3
AirNSR7034,120,3,3.4
JetFly6405,133,3,2.3
PacificWings7159,74,2,4.7
JetFly4028,137,0,1.0
JetFly3764,80,4,1.0
AirNSR3227,146,1,4.9
SkyWave8045,137,4,4.0
GlobeAir1595,79,3,1.0
GlobeAir8927,125,1,3.5
SkyWave8173,144,0,1.0
PacificWings8784,131,1,4.2
PacificWings6058,59,0,3.2
JetFly6058,144,4,3.9
SkyWave3042,126,3,3.5
AirNSR6719,70,1,1.4
JetFly8863,123,3,4.6
GlobeAir7482,98,3,2.3
PacificWings8337,150,4,2.9
GlobeAir4298,133,4,2.6
AirNSR1377,128,1,2.1
SkyWave1616,68,2,3.6
GlobeAir8231,64,1,3.4
PacificWings7228,50,2,3.8
GlobeAir1130,93,4,2.8
GlobeAir7775,78,3,2.9
PacificWings5751,53,2,4.0
GlobeAir8120,111,3,1.0
SkyWave6036,60,2,4.9
PacificWings5007,70,2,4.7
JetFly4709,72,1,3.4
PacificWings3807,103,1,1.3
SkyWave8815,55,5,4.3
AirNSR1130,57,3,3.0
GlobeAir1710,121,1,1.5
GlobeAir7070,66,4,1.0
AirNSR5004,68,0,3.3
GlobeAir2050,115,1,5.0
JetFly2747,79,3,5.0
JetFly9663,133,6,3.0
AirNSR8049,109,2,2.2
JetFly4099,106,2,3.8
SkyWave9880,145,3,3.1
SkyWave7674,85,1,4.4
JetFly4000,73,2,2.1
GlobeAir7810,108,1,3.9
PacificWings6141,149,6,5.0
AirNSR8983,56,2,1.2
JetFly4405,90,2,1.0
AirNSR3676,86,2,1.3
JetFly3612,129,3,1.6
SkyWave1152,121,1,2.4
SkyWave4349,91,0,3.1
GlobeAir8224,112,7,4.4
AirNSR8168,144,0,4.7
JetFly5081,119,3,4.7
SkyWave4781,118,1,5.0
SkyWave5437,106,1,3.1
PacificWings1268,71,1,1.8
JetFly1853,120,1,3.0
PacificWings8578,68,0,5.0
GlobeAir2734,57,0,4.8
PacificWings4725,101,3,5.0
PacificWings2050,74,0,4.4
JetFly7312,69,8,1.4
SkyWave8953,70,1,1.0
SkyWave2633,138,5,2.2
PacificWings1687,134,2,4.2
AirNSR2211,116,2,2.1
SkyWave3474,138,2,4.4
SkyWave6215,145,1,3.1
GlobeAir5170,145,1,4.8
JetFly5739,53,1,3.0
JetFly7266,60,4,1.0
SkyWave5749,71,3,3.7
GlobeAir9332,103,0,5.0
AirNSR7130,123,3,3.9
PacificWings6131,120,2,2.7
GlobeAir7998,56,2,2.9
SkyWave5391,87,0,3.5
SkyWave6876,83,1,3.2
JetFly9892,103,2,3.5
PacificWings3583,140,2,1.5
SkyWave1688,103,4,3.7
SkyWave8590,96,1,3.8
AirNSR8069,114,1,4.9
PacificWings6564,124,0,2.7
AirNSR1714,91,1,1.1
SkyWave3487,67,3,2.5
PacificWings2845,144,1,1.0
GlobeAir7577,84,2,3.5
JetFly9802,112,0,2.8
AirNSR7361,102,4,3.3
GlobeAir5006,51,6,2.7
GlobeAir6092,122,1,2.7
AirNSR3308,103,4,5.0
JetFly2047,138,3,4.7
AirNSR5610,52,3,3.9
AirNSR8717,132,0,1.4
PacificWings5549,104,2,1.5
AirNSR1326,83,2,1.0
SkyWave1034,106,3,1.5
JetFly4168,69,6,4.0
JetFly3940,138,4,2.7
AirNSR6820,130,2,3.4
SkyWave2023,82,2,2.2
GlobeAir8145,93,1,2.0
PacificWings7313,72,4,4.6
PacificWings6508,96,2,4.9
GlobeAir5992,109,0,2.9
SkyWave4295,77,2,5.0
JetFly4061,107,2,5.0
GlobeAir8901,120,4,1.7
PacificWings3736,109,1,3.2
PacificWings3087,138,1,4.1
AirNSR6772,82,1,2.9
JetFly6733,110,2,5.0
GlobeAir7174,113,4,5.0
JetFly2543,120,2,2.2
PacificWings3662,118,3,2.4
AirNSR8280,83,1,3.2
GlobeAir3338,51,3,4.3
AirNSR8174,106,1,3.2
PacificWings8492,50,4,3.1
PacificWings5656,139,1,3.4
PacificWings5952,139,2,3.4
PacificWings6625,127,7,3.4
AirNSR7239,84,1,4.1
SkyWave9433,103,2,3.2
SkyWave7528,90,2,1.0
PacificWings2002,111,1,1.7
PacificWings2710,109,3,1.0
AirNSR6404,108,3,4.4
PacificWings8761,149,6,3.9
AirNSR3447,56,2,3.0
AirNSR6651,105,4,1.2
JetFly4330,61,3,5.0
PacificWings4138,68,7,4.1
GlobeAir1319,128,1,1.0
AirNSR2851,115,5,1.9
JetFly5964,114,1,3.9
GlobeAir5493,127,2,1.7
SkyWave5929,108,1,1.6
PacificWings8146,69,4,3.1
SkyWave3046,119,0,5.0
GlobeAir1481,89,4,5.0
PacificWings5727,69,1,1.6
SkyWave2579,101,0,5.0
SkyWave5709,116,3,4.2
AirNSR1054,57,2,3.1
GlobeAir4880,126,3,5.0
PacificWings9938,67,4,5.0
PacificWings6320,115,3,1.0
SkyWave6122,68,1,3.5
PacificWings2376,101,1,3.9
AirNSR6951,137,2,3.8
GlobeAir4773,142,2,4.2
JetFly2837,59,2,4.2
GlobeAir4267,140,2,1.0
SkyWave9000,132,3,3.8
GlobeAir2362,146,1,3.7
GlobeAir1613,98,1,1.0
AirNSR6777,82,1,1.1
PacificWings8123,65,2,1.0
GlobeAir6009,106,2,1.0
GlobeAir9386,53,3,5.0
GlobeAir8837,50,5,1.9
GlobeAir7207,93,0,3.1
SkyWave7488,75,1,3.7
JetFly6594,113,0,2.2
PacificWings6575,59,2,3.0
JetFly3682,132,3,5.0
JetFly5710,116,3,2.5
PacificWings5874,104,3,3.1
JetFly9032,54,3,4.4
AirNSR1841,92,2,4.6
PacificWings2212,99,3,3.4
GlobeAir2342,143,2,2.5
JetFly5303,141,1,1.6
GlobeAir9132,100,3,1.9
SkyWave1486,119,3,1.2
AirNSR2342,115,1,3.9
JetFly6514,51,0,1.3
PacificWings3734,75,4,4.3
SkyWave7966,59,2,1.0
PacificWings9822,138,4,3.0
SkyWave3073,132,6,1.5
PacificWings2307,101,3,3.6
GlobeAir6036,98,3,1.5
AirNSR1967,89,1,3.0
AirNSR1699,110,1,3.1
SkyWave7561,123,2,4.2
GlobeAir3291,97,2,2.9
GlobeAir5019,131,0,3.3
JetFly9921,58,1,2.4
GlobeAir5035,68,0,3.1
PacificWings8984,109,2,4.1
AirNSR7223,124,3,2.8
PacificWings4931,117,1,3.1
PacificWings7911,74,2,1.3
SkyWave9539,65,1,2.6
AirNSR1572,72,3,2.0
GlobeAir5351,147,1,3.9
PacificWings1020,147,0,1.0
GlobeAir4416,83,2,4.9
JetFly5433,67,2,2.1
SkyWave1354,121,1,4.2
JetFly1058,137,1,2.6
PacificWings9341,96,3,2.4
AirNSR4885,80,5,4.1
SkyWave1348,97,1,3.2
AirNSR4327,136,3,1.0
PacificWings9084,137,1,5.0
SkyWave4513,84,2,4.4
AirNSR4810,60,1,1.9
SkyWave9399,101,5,2.7
JetFly5333,52,3,2.4
SkyWave2392,60,5,3.6
AirNSR5399,123,5,3.5
PacificWings5458,127,5,1.0
PacificWings2233,60,3,2.6
SkyWave5539,128,3,1.7
GlobeAir3474,121,1,3.2
SkyWave7114,137,2,3.6
JetFly1229,83,8,2.8
PacificWings1845,121,1,1.5
GlobeAir4524,52,0,3.2
SkyWave1918,116,2,2.6
GlobeAir7784,106,2,4.1
PacificWings1510,50,2,5.0
AirNSR2569,139,2,4.1
AirNSR1425,65,1,4.4
GlobeAir3812,110,4,2.4
PacificWings1675,50,1,3.0
SkyWave4041,138,2,2.8
GlobeAir2832,115,3,2.4
GlobeAir1103,149,3,3.1
SkyWave5940,142,5,2.4
AirNSR3360,137,4,2.0
SkyWave1278,101,1,5.0
SkyWave7157,112,1,2.2
JetFly2546,63,2,4.2
PacificWings5916,96,2,1.6
JetFly9848,71,2,4.9
PacificWings2809,55,2,2.5
JetFly9779,111,1,3.2
GlobeAir3079,109,5,3.0
PacificWings5411,133,3,1.4
GlobeAir2451,63,2,5.0
PacificWings3140,142,1,5.0
PacificWings4303,57,2,4.1
JetFly9852,110,0,4.5
PacificWings3584,86,2,3.7
GlobeAir4071,57,2,4.2
GlobeAir3431,86,2,1.5
SkyWave1032,78,4,3.4
JetFly7607,78,2,4.0
PacificWings9537,104,2,3.6
AirNSR2512,120,1,3.9
SkyWave8483,124,2,1.0
PacificWings6518,97,3,3.2
GlobeAir5013,143,3,1.3
PacificWings5543,106,3,1.0
GlobeAir2351,126,1,2.1
PacificWings7051,98,0,4.4
SkyWave1297,107,1,3.7
JetFly4918,139,2,5.0
PacificWings5102,69,2,1.9
AirNSR2564,132,0,4.8
AirNSR9306,87,1,1.6
JetFly1018,102,1,2.2
AirNSR9140,60,1,4.6
SkyWave7743,135,1,2.2
AirNSR1137,56,4,5.0
SkyWave6439,91,3,4.9
JetFly6668,58,0,1.8
AirNSR8612,61,2,1.8
AirNSR1881,54,0,1.6
AirNSR1485,123,2,2.9
AirNSR6748,50,3,4.4
AirNSR9155,56,2,1.0
JetFly7255,136,2,2.7
GlobeAir4584,110,2,4.0
JetFly4876,56,0,1.0
GlobeAir3439,63,3,2.2
GlobeAir7714,113,2,4.0
GlobeAir4002,121,2,5.0
GlobeAir6752,144,1,1.1
PacificWings8240,96,0,1.0
GlobeAir8652,53,1,1.5
AirNSR1598,142,4,2.9
GlobeAir5937,72,2,3.3
JetFly1878,51,1,3.7
SkyWave2423,97,3,4.0
SkyWave6847,56,4,1.8
JetFly2440,69,1,2.3
PacificWings2315,94,0,3.2
SkyWave6025,135,1,1.0
PacificWings3928,86,4,1.8
PacificWings1380,122,2,1.7
AirNSR1716,110,3,1.0
AirNSR4055,70,3,3.5
PacificWings7944,137,3,2.0
GlobeAir1866,147,3,3.5
AirNSR8319,130,2,4.1
AirNSR4438,79,2,2.9
AirNSR8645,140,1,3.1
SkyWave6812,137,1,2.7
JetFly8645,129,1,2.1
AirNSR4375,72,1,4.2
AirNSR8742,54,3,2.2
GlobeAir3254,60,0,3.7
AirNSR7991,51,3,1.4
SkyWave4322,136,6,3.3
PacificWings4243,72,2,1.0
PacificWings2737,129,2,1.7
JetFly6765,110,2,2.7
JetFly4181,96,4,2.1
AirNSR7401,129,2,1.0
PacificWings6773,127,4,1.6
JetFly2086,110,1,2.2
SkyWave2465,84,2,3.3
SkyWave7363,132,1,5.0
AirNSR9563,108,1,2.6
PacificWings9817,136,1,2.8
AirNSR4610,138,3,5.0
AirNSR1253,133,2,5.0
GlobeAir8803,134,5,3.5
SkyWave6406,92,3,1.7
AirNSR2941,131,2,1.1
GlobeAir9283,79,4,3.1
PacificWings6520,126,2,4.6
GlobeAir6398,104,1,4.0
GlobeAir9301,91,4,3.5
PacificWings8567,126,2,5.0
JetFly8129,145,4,2.5
JetFly2059,107,0,3.7
GlobeAir3007,145,1,4.4
PacificWings4766,89,0,3.7
SkyWave9684,82,1,3.7
JetFly9245,147,3,1.8
PacificWings3830,71,5,2.8
SkyWave8387,94,7,3.5
GlobeAir8022,69,1,4.6
SkyWave3356,99,2,3.9
PacificWings7568,134,3,3.4
SkyWave9667,136,1,3.1
AirNSR5313,137,0,3.6
AirNSR6482,128,2,3.2
PacificWings3372,147,1,1.9
PacificWings8362,144,2,1.9
GlobeAir8376,83,1,1.0
JetFly6640,135,0,3.0
SkyWave9633,133,1,2.1
SkyWave8461,71,7,1.3
GlobeAir2692,57,4,2.3
GlobeAir2977,86,2,5.0
SkyWave9899,60,4,1.9
PacificWings4812,101,2,2.8
AirNSR4396,86,3,2.2
PacificWings1227,64,3,2.0
AirNSR7919,94,1,1.0
SkyWave2317,149,3,3.8
AirNSR5771,142,4,3.9
SkyWave5158,77,3,2.7
SkyWave5565,106,2,3.6
PacificWings1532,87,1,2.1
PacificWings6325,55,0,2.5
SkyWave9081,150,1,2.7
SkyWave6702,137,2,4.1
SkyWave8052,96,4,4.5
SkyWave5976,61,3,2.8
JetFly1383,74,2,5.0
GlobeAir9112,80,1,3.4
AirNSR2692,108,0,5.0
JetFly5903,149,2,4.0
PacificWings4689,128,0,1.6
AirNSR3748,148,3,5.0
JetFly6636,79,4,3.6
JetFly1547,106,2,1.1
JetFly4410,104,2,2.3
JetFly5035,146,2,1.7
AirNSR6682,100,0,4.5
JetFly2482,144,0,1.1
JetFly3193,123,1,2.2
SkyWave2232,148,0,2.3
AirNSR1243,150,3,2.3
SkyWave8342,137,2,1.8
AirNSR4753,127,1,3.1
GlobeAir5490,107,3,4.0
JetFly7276,98,1,5.0
AirNSR8349,118,3,1.2
JetFly6167,64,1,2.4
AirNSR6797,145,3,2.7
SkyWave3286,136,2,2.9
PacificWings8235,98,3,4.2
SkyWave7133,148,0,4.1
JetFly6264,50,1,5.0
JetFly9892,117,3,2.8
PacificWings4248,90,1,5.0
GlobeAir6804,93,2,1.7
JetFly8655,113,2,3.7
JetFly9248,148,1,4.2
SkyWave6253,61,1,1.0
PacificWings5360,108,3,1.0
JetFly4550,88,3,1.2
SkyWave3828,126,3,3.0
GlobeAir3752,134,4,5.0
JetFly3953,55,4,1.5
JetFly2428,96,1,3.5
GlobeAir7462,116,0,1.8
JetFly6614,88,1,2.6
JetFly1644,128,2,3.7
PacificWings4598,142,3,4.5
SkyWave3626,100,5,1.0
GlobeAir1094,116,2,4.0
AirNSR6248,115,2,1.5
AirNSR8766,60,2,2.8
JetFly1169,85,1,3.5
GlobeAir2476,84,2,5.0
SkyWave4247,125,0,4.8
GlobeAir5909,128,6,1.0
JetFly2905,54,4,5.0
PacificWings6931,115,1,4.3
JetFly5789,57,2,4.2
GlobeAir6370,77,0,4.3
GlobeAir4093,93,2,2.4
JetFly4591,114,2,5.0
SkyWave4588,101,1,2.0
GlobeAir5186,71,1,1.0
JetFly4692,86,1,2.3
GlobeAir3833,144,2,3.3
AirNSR6552,55,3,3.7
GlobeAir5389,136,1,4.8
PacificWings1262,95,2,1.0
AirNSR5992,106,3,2.0
PacificWings9561,82,3,5.0
AirNSR9883,83,5,5.0
GlobeAir3152,92,1,2.6
JetFly5864,53,1,5.0
AirNSR1979,122,5,1.4
AirNSR9470,129,4,5.0
GlobeAir1334,123,1,4.7
AirNSR6528,121,4,1.0
PacificWings9342,105,2,2.2
SkyWave1364,76,3,2.7
SkyWave4004,73,2,5.0
AirNSR1264,83,0,3.3
PacificWings6398,97,1,4.8
GlobeAir4348,147,1,1.5
GlobeAir7550,81,5,1.0
PacificWings3261,90,3,4.6
GlobeAir2273,68,0,1.0
SkyWave4060,106,2,5.0
GlobeAir4140,144,5,1.5
PacificWings9790,125,5,2.5
SkyWave4823,63,1,1.9
PacificWings5299,62,3,3.7
PacificWings9774,64,1,2.0
PacificWings1315,61,2,3.5
GlobeAir1438,138,3,2.3
GlobeAir4110,57,4,2.1
SkyWave9398,139,0,1.4
GlobeAir9827,116,2,4.4
GlobeAir7175,97,2,2.5
PacificWings1848,138,3,3.5
SkyWave9372,59,3,4.3
AirNSR8798,118,1,3.0
SkyWave1509,82,3,2.7
SkyWave9662,102,5,2.6
JetFly9627,136,2,4.9
PacificWings6552,104,4,2.9
AirNSR7864,115,2,1.3
GlobeAir2805,128,2,3.0
AirNSR9689,120,7,4.0
SkyWave7902,135,0,1.0
GlobeAir4012,143,5,3.0
SkyWave1179,91,2,3.3
SkyWave7681,126,4,4.2
SkyWave8512,78,0,5.0
PacificWings8394,71,0,3.5
AirNSR3160,59,1,2.2
AirNSR6766,81,3,1.0
PacificWings8202,95,2,4.9
JetFly9356,123,2,2.3
GlobeAir9165,102,1,4.4
GlobeAir3494,65,1,4.9
GlobeAir9666,114,3,2.8
JetFly8939,135,2,3.4
PacificWings9592,76,4,2.8
AirNSR7288,56,1,2.8
PacificWings7687,134,5,2.7
PacificWings3528,108,2,2.7
GlobeAir9433,142,2,4.1
AirNSR5933,138,1,1.4
JetFly5047,75,1,2.3
PacificWings2386,133,2,1.9
JetFly5874,85,1,4.0
AirNSR5996,138,2,2.4
AirNSR4567,118,4,1.0
GlobeAir6265,51,5,4.7
GlobeAir6361,147,2,1.7
JetFly3479,55,2,3.4
AirNSR8937,69,2,2.3
PacificWings7564,68,6,3.3
AirNSR2395,134,6,1.6
GlobeAir2646,103,1,3.7
JetFly1110,83,2,4.8
SkyWave6209,69,1,2.1
JetFly7630,94,1,2.4
SkyWave2200,128,2,3.5
SkyWave1737,113,6,4.0
PacificWings2162,134,2,3.9
AirNSR4110,67,4,2.8
JetFly8349,51,7,2.8
GlobeAir9757,92,2,1.3
AirNSR8707,92,2,3.9
AirNSR6853,87,0,1.0
PacificWings6687,119,1,2.1
AirNSR2202,70,1,2.0
AirNSR2563,123,1,5.0
GlobeAir6992,116,0,1.5
GlobeAir1044,111,2,5.0
JetFly6225,120,3,1.1
PacificWings9944,63,2,2.5
PacificWings7268,141,2,1.0
PacificWings7542,128,3,1.0
SkyWave7418,68,3,2.5
JetFly8165,58,4,5.0
GlobeAir3165,147,4,1.0
JetFly5319,86,4,2.6
GlobeAir1697,110,1,3.2
PacificWings2518,137,2,1.0
SkyWave7386,82,3,5.0
JetFly1770,127,3,5.0
AirNSR7607,143,0,2.2
SkyWave8706,119,4,3.9
JetFly8868,85,2,5.0
JetFly7396,107,4,2.4
GlobeAir7348,89,2,4.8
PacificWings7159,99,1,1.2
AirNSR9759,50,0,2.5
GlobeAir1097,87,1,3.4
GlobeAir4874,72,2,1.0
JetFly1721,124,4,2.8
JetFly1131,81,4,3.2
AirNSR3701,108,1,2.8
AirNSR5297,63,3,3.0
JetFly8659,111,1,4.9
GlobeAir1682,142,1,2.3
JetFly9077,120,0,3.2
SkyWave1718,82,3,2.7
JetFly6396,137,1,1.8
AirNSR9978,110,0,5.0
JetFly6409,73,0,2.4
SkyWave3020,60,0,1.0
AirNSR4845,83,0,3.3
PacificWings7931,105,3,4.3
GlobeAir7653,60,1,4.2
JetFly9257,108,1,3.1
AirNSR8228,73,4,1.5
GlobeAir1884,113,1,4.8
SkyWave5188,93,1,2.4
GlobeAir5347,118,1,1.0
GlobeAir1891,56,1,3.3
PacificWings9708,84,1,3.0
PacificWings4519,94,0,3.3
JetFly9108,68,3,4.1
GlobeAir1805,129,1,2.5
PacificWings5347,73,0,1.1
AirNSR6896,104,1,2.4
PacificWings8848,107,3,1.0
JetFly5244,104,0,3.0
SkyWave3684,129,3,4.8
JetFly3708,114,1,3.2
SkyWave9764,116,1,3.3
AirNSR2538,133,1,3.6
SkyWave9458,129,2,1.0
AirNSR9606,108,0,3.9
AirNSR6378,125,1,3.3
JetFly8150,119,2,2.7
AirNSR1061,117,3,2.9
GlobeAir3466,109,2,1.0
AirNSR7785,110,1,2.6
AirNSR8257,92,1,4.0
AirNSR6489,87,2,3.2
SkyWave5713,85,2,1.0
AirNSR3167,92,2,4.4
PacificWings3736,115,6,2.1
GlobeAir3619,83,3,1.7
JetFly7611,107,1,1.6
JetFly6161,147,1,1.4
SkyWave8936,87,2,1.5
PacificWings9291,58,2,3.2
AirNSR5621,80,1,4.0
JetFly4546,85,2,4.2
GlobeAir2661,50,1,2.0
AirNSR2709,64,3,3.0
AirNSR2199,128,6,4.8
PacificWings9700,67,3,4.5
JetFly7515,142,2,1.1
PacificWings9623,124,0,3.2
GlobeAir1947,138,2,5.0
AirNSR4275,77,4,2.4
PacificWings9789,103,2,1.4
PacificWings5412,50,3,3.0
PacificWings8287,138,4,3.0
AirNSR3305,92,1,1.1
GlobeAir6286,127,2,4.1
JetFly6415,105,3,1.0
GlobeAir6768,73,3,5.0
AirNSR1856,139,3,3.9
PacificWings3175,108,4,1.3
JetFly6326,92,2,2.8
AirNSR9393,134,1,2.6
SkyWave9671,58,2,2.6
GlobeAir1686,139,5,2.2
PacificWings5887,124,3,1.0
AirNSR3840,76,3,5.0
SkyWave1498,82,2,4.3
AirNSR8098,98,7,5.0
GlobeAir3210,81,5,2.9
JetFly7377,116,2,4.8
GlobeAir4352,127,1,3.5
AirNSR6273,53,1,3.0
PacificWings9986,64,2,3.2
JetFly5428,69,2,1.8
PacificWings3292,85,1,3.1
GlobeAir4132,117,6,2.2
GlobeAir8719,86,4,5.0
JetFly2092,150,1,5.0
SkyWave4300,87,1,4.2
PacificWings7495,111,0,2.7
SkyWave3757,127,5,1.9
PacificWings5586,81,0,3.7
SkyWave2616,104,2,4.0
PacificWings4500,142,1,1.9
GlobeAir9861,150,0,4.6
JetFly6118,135,3,5.0
SkyWave8539,94,2,3.3
PacificWings1441,102,1,3.2
AirNSR1588,65,4,4.4
GlobeAir1911,58,3,5.0
JetFly5251,96,2,3.7
PacificWings9598,102,4,2.0
PacificWings2086,120,2,2.3
PacificWings5956,101,1,1.0
SkyWave9282,67,2,3.3
SkyWave1276,140,2,3.1
AirNSR3955,66,1,4.2
PacificWings2634,139,2,1.0
PacificWings3192,80,2,1.7
AirNSR2940,57,2,2.5
PacificWings3358,109,0,5.0
GlobeAir5977,53,4,1.9
AirNSR7893,134,3,1.9
SkyWave4129,103,1,1.5
GlobeAir4868,92,2,5.0
JetFly1699,128,0,2.6
PacificWings8838,82,4,2.0
JetFly1732,116,3,2.4
JetFly2046,53,1,1.7
JetFly1806,90,1,4.1
PacificWings2223,79,1,2.4
AirNSR3328,63,3,1.0
JetFly5315,98,4,3.1
GlobeAir8000,54,3,1.5
PacificWings6231,66,2,3.7
AirNSR6817,140,1,3.3
PacificWings3413,66,3,3.2
SkyWave1618,107,5,4.0
SkyWave4715,131,3,1.3
AirNSR6684,88,3,3.1
GlobeAir4396,80,2,4.2
GlobeAir3894,81,1,1.0
AirNSR8979,56,2,5.0
AirNSR3647,77,2,3.7
AirNSR5696,106,4,1.1
GlobeAir1959,136,4,3.1
GlobeAir5715,72,1,2.8
SkyWave4297,133,0,2.5
PacificWings7299,141,2,2.5
GlobeAir3017,146,1,2.2
AirNSR3286,112,4,5.0
SkyWave3097,58,1,1.2
AirNSR4420,118,4,2.0
JetFly1264,102,6,2.6
SkyWave5987,131,4,1.0
SkyWave4461,133,0,5.0
JetFly8115,70,3,3.6
PacificWings7287,86,2,5.0
PacificWings6844,88,1,1.9
GlobeAir8187,108,4,4.3
AirNSR4544,95,1,2.1
JetFly2041,103,1,4.6
PacificWings7542,74,1,5.0
PacificWings1013,58,3,2.5
JetFly6917,63,1,2.6
JetFly4243,66,2,5.0
GlobeAir9617,130,1,2.7
AirNSR5743,59,2,2.8
GlobeAir2552,76,2,1.0
AirNSR1979,119,4,5.0
AirNSR6317,139,1,5.0
GlobeAir3798,51,2,4.8
AirNSR1742,112,1,4.9
SkyWave6417,119,3,4.0
SkyWave8009,73,1,1.0
SkyWave4214,121,2,2.4
SkyWave9228,112,0,4.6
JetFly3262,119,0,2.8
AirNSR7614,147,2,2.2
JetFly3321,56,2,2.5
SkyWave9508,100,3,5.0
JetFly4802,103,2,1.0
SkyWave1451,59,0,3.9
JetFly9752,90,1,1.7
SkyWave6957,139,0,2.7
SkyWave5164,88,3,2.9
JetFly4042,94,1,1.0
AirNSR3838,129,1,3.0
AirNSR6842,115,2,5.0
SkyWave5533,92,2,4.7
JetFly7631,115,2,4.5
JetFly6447,101,5,3.1
SkyWave7057,98,2,3.4
JetFly2724,79,3,5.0
PacificWings7076,95,4,3.5
GlobeAir8115,105,1,1.7
SkyWave6555,91,4,2.7
GlobeAir3469,140,4,4.6
GlobeAir4219,87,0,1.0
GlobeAir9987,60,2,5.0
AirNSR7765,116,1,5.0
GlobeAir4872,53,2,1.6
PacificWings2364,71,0,5.0
AirNSR1478,130,3,2.4
AirNSR8725,120,1,4.3
GlobeAir1312,137,2,3.9
SkyWave3006,116,0,4.9
GlobeAir7502,72,2,3.5
SkyWave7366,93,3,1.0
PacificWings2783,67,4,5.0
JetFly1185,59,1,2.4
AirNSR3974,71,4,3.1
PacificWings7717,134,1,1.1
SkyWave2817,116,6,1.0
AirNSR2861,140,0,2.1
AirNSR2332,119,2,3.3
GlobeAir7869,98,3,3.2
JetFly1746,105,2,5.0
GlobeAir4547,124,0,4.3
AirNSR5635,55,2,2.6
SkyWave1633,90,2,2.7
GlobeAir9917,128,3,4.0
JetFly3365,84,4,5.0
JetFly5278,99,0,2.1
AirNSR8832,125,0,3.4
GlobeAir1962,141,2,2.6
GlobeAir2900,127,1,3.8
AirNSR3217,117,0,1.0
PacificWings2446,147,4,2.0
JetFly6195,89,2,2.3
SkyWave8145,72,3,4.4
SkyWave2175,118,3,3.8
GlobeAir3000,114,3,3.2
JetFly5652,70,2,2.0
SkyWave6431,138,3,4.1
GlobeAir2088,118,0,3.5
SkyWave9140,86,3,3.1
GlobeAir2065,107,1,5.0
GlobeAir7396,54,3,1.0
SkyWave1956,92,5,3.9
GlobeAir8396,69,2,1.5
JetFly3386,55,2,1.4
GlobeAir3183,81,5,4.8
GlobeAir1369,60,1,4.4
AirNSR7194,135,2,2.8
GlobeAir2681,78,2,2.0
AirNSR5455,136,3,4.1
GlobeAir3760,71,3,2.2
SkyWave4757,128,1,1.0
AirNSR9782,119,1,2.7
PacificWings5868,121,2,5.0
JetFly8411,108,2,1.3
AirNSR5034,61,4,1.1
SkyWave3698,143,1,4.8
JetFly2927,146,2,1.2
PacificWings4936,71,0,2.5
AirNSR5916,76,1,2.7
PacificWings6454,145,2,3.5
JetFly8692,70,2,4.9
PacificWings1596,52,2,2.5
SkyWave1369,76,2,2.8
AirNSR4724,105,2,3.6
GlobeAir5105,98,3,5.0
PacificWings6294,116,1,2.0
AirNSR9924,105,4,5.0
GlobeAir1800,87,2,1.0
GlobeAir1242,66,1,5.0
GlobeAir4941,150,3,5.0
AirNSR7538,106,3,2.4
GlobeAir2132,145,1,1.0
PacificWings5593,111,0,3.2
PacificWings7517,119,3,2.1
SkyWave6293,99,3,5.0
JetFly3852,67,3,1.3
AirNSR8444,104,1,1.5
PacificWings2769,119,6,3.9
AirNSR7294,139,2,5.0
SkyWave7044,134,0,5.0
PacificWings6536,149,4,1.5
JetFly9811,93,1,4.4
SkyWave8128,73,1,1.2
SkyWave2625,110,2,2.8
AirNSR5948,68,2,2.7
AirNSR6884,117,2,4.6
GlobeAir1081,109,2,5.0
AirNSR4778,144,2,1.0
AirNSR4030,98,1,4.1
AirNSR4921,53,2,3.8
GlobeAir2388,142,3,3.2
PacificWings6596,81,5,1.5
GlobeAir5600,69,1,2.5
JetFly1040,50,1,3.3
SkyWave3239,114,3,3.8
AirNSR5667,111,1,3.2
GlobeAir1210,107,3,2.2
AirNSR2315,121,1,2.8
AirNSR6645,78,1,2.1
PacificWings3623,84,3,1.1
GlobeAir2215,106,1,3.6
GlobeAir8839,60,1,2.4
GlobeAir4350,145,4,4.6
AirNSR9833,50,4,3.4
JetFly9398,102,4,3.0
SkyWave6104,73,0,2.2
GlobeAir6515,135,4,4.3
SkyWave3346,118,1,4.0
GlobeAir7225,79,2,2.1
JetFly2692,78,2,2.0
AirNSR6584,84,5,3.3
AirNSR7354,131,1,3.3
GlobeAir8292,131,2,1.6
JetFly6659,94,5,1.7
GlobeAir8688,146,1,1.2
GlobeAir3617,146,2,1.9
AirNSR1355,131,3,2.0
PacificWings3123,140,5,3.7
AirNSR3342,97,2,1.8
GlobeAir3938,111,3,5.0
GlobeAir4530,81,1,4.1
AirNSR5934,93,3,4.1
JetFly9084,104,0,4.5
GlobeAir3243,72,3,2.6
GlobeAir1396,74,1,3.6
JetFly8418,133,3,4.8
AirNSR5419,66,2,4.0
AirNSR7478,107,1,3.7
GlobeAir4284,113,2,3.1
AirNSR1802,132,0,3.3
PacificWings4334,141,1,4.5
AirNSR9347,148,3,4.0
AirNSR6497,54,4,1.0
SkyWave1393,57,2,3.6
AirNSR4076,82,2,2.2
PacificWings4525,92,1,5.0
JetFly7414,77,2,2.4
PacificWings1799,93,3,1.0
JetFly5182,117,1,3.9
JetFly7646,95,2,4.2
SkyWave9559,140,0,3.2
JetFly6771,124,1,4.0
AirNSR7607,110,0,2.4
GlobeAir9993,77,1,4.7
AirNSR7632,57,4,2.6
GlobeAir2684,66,3,2.0
GlobeAir9476,149,2,5.0
GlobeAir6836,109,2,2.5
GlobeAir1682,78,3,4.1
JetFly6841,145,3,2.7
SkyWave9936,131,4,4.2
PacificWings9342,135,2,2.1
AirNSR8669,66,2,1.8
PacificWings5385,71,1,3.0
AirNSR4316,120,6,1.2
GlobeAir3928,94,1,1.4
JetFly6188,107,1,1.0
PacificWings7072,52,1,3.7
GlobeAir4120,89,1,2.5
PacificWings3734,140,1,5.0
AirNSR9212,70,2,2.6
PacificWings7388,150,2,2.9
AirNSR3399,82,2,4.7
SkyWave4169,55,3,5.0
JetFly8920,147,2,4.0
AirNSR8778,143,2,1.9
GlobeAir8458,69,3,3.0
PacificWings4842,92,1,1.9
JetFly3495,93,4,2.2
SkyWave8518,93,4,2.3
PacificWings2244,87,2,3.5
JetFly8835,102,4,1.0
AirNSR2353,116,1,5.0
SkyWave7865,127,1,4.1
PacificWings4423,142,0,5.0
SkyWave4615,139,1,5.0
GlobeAir2462,137,1,3.7
PacificWings2495,78,4,1.0
JetFly4933,124,3,5.0
SkyWave7679,107,0,5.0
PacificWings6457,108,3,3.3
AirNSR1645,133,1,1.8
AirNSR5983,54,0,3.8
JetFly5584,87,5,4.2
AirNSR4246,63,1,3.8
GlobeAir4289,63,1,2.5
PacificWings1858,103,3,4.2
AirNSR6074,111,3,2.5
JetFly5565,121,4,1.2
AirNSR4770,118,4,3.4
GlobeAir2450,58,2,2.6
PacificWings2349,96,3,1.3
PacificWings5965,150,4,1.0
SkyWave2206,124,0,3.8
AirNSR8088,103,2,4.5
SkyWave2550,131,2,1.2
PacificWings4813,150,0,1.0
GlobeAir8959,86,0,3.7
GlobeAir3052,101,0,2.4
JetFly1402,132,1,4.4
SkyWave3603,108,2,5.0
AirNSR4190,79,2,1.0
SkyWave4068,117,1,2.9
JetFly9772,100,1,5.0
GlobeAir3495,150,1,1.9
PacificWings4079,93,2,2.7
AirNSR5766,98,1,3.3
PacificWings4087,127,1,2.0
GlobeAir6749,51,2,1.0
PacificWings8021,88,2,3.3
PacificWings4008,85,5,4.9
PacificWings9049,115,3,2.5
PacificWings4214,135,5,4.2
AirNSR9309,83,3,4.0
GlobeAir6646,145,0,1.0
PacificWings4454,135,1,4.9
GlobeAir4204,105,2,2.4
GlobeAir3275,113,2,3.5
AirNSR6351,145,2,3.8
JetFly7684,79,3,3.6
SkyWave6929,76,1,1.0
JetFly7239,73,1,3.4
PacificWings4248,141,5,4.5
SkyWave7823,72,3,4.5
JetFly4937,129,1,1.7
GlobeAir1074,59,4,2.9
PacificWings4578,138,2,1.7
PacificWings1518,70,3,1.7
JetFly1522,86,4,3.4
AirNSR1837,119,2,3.8
SkyWave1748,127,1,2.0
JetFly5417,92,2,3.8
GlobeAir3256,95,4,5.0
AirNSR5913,118,4,3.5
JetFly4436,109,2,1.0
PacificWings5338,138,3,3.6
SkyWave2288,106,2,1.8
AirNSR5501,53,2,3.1
SkyWave8112,51,3,4.7
PacificWings6955,134,6,1.0
JetFly5793,104,3,1.5
AirNSR4803,70,6,1.0
JetFly6856,80,2,3.3
SkyWave8764,136,4,3.5
JetFly7312,128,1,4.1
JetFly7933,83,2,5.0
AirNSR9416,90,1,3.2
GlobeAir3617,124,1,3.7
GlobeAir4940,125,2,2.7
GlobeAir9094,136,3,2.6
PacificWings9844,85,2,4.4
SkyWave4527,70,2,3.0
AirNSR6055,103,1,1.0
AirNSR3379,85,6,3.5
PacificWings3878,54,2,2.1
JetFly8234,112,4,1.4
JetFly5797,102,3,4.2
AirNSR9541,53,0,4.8
SkyWave2385,131,2,5.0
AirNSR6254,121,0,1.5
PacificWings3072,126,0,2.4
SkyWave9343,91,6,2.0
PacificWings9014,76,8,1.6
GlobeAir2237,57,2,3.0
AirNSR1440,60,3,4.0
AirNSR8242,66,4,2.6
JetFly4219,141,1,3.8
AirNSR3145,56,2,3.6
AirNSR4490,78,1,2.2
PacificWings7549,81,4,2.9
JetFly1139,123,1,2.2
JetFly5875,115,2,2.8
AirNSR2237,53,1,5.0
AirNSR4992,138,1,1.2
SkyWave3439,65,1,5.0
JetFly4867,80,1,5.0
GlobeAir9568,142,0,4.5
PacificWings2408,114,3,3.8
PacificWings6017,113,3,2.4
JetFly3120,61,3,3.1
AirNSR8483,147,2,1.0
PacificWings6253,98,6,3.1
AirNSR2804,68,1,2.4
JetFly5252,119,4,2.3
JetFly6544,78,2,4.3
AirNSR4871,81,2,1.0
PacificWings7803,95,2,4.9
SkyWave7581,104,1,2.9
JetFly9100,120,0,2.9
GlobeAir5693,129,2,4.3
GlobeAir2127,56,3,2.8
GlobeAir7951,91,0,5.0
AirNSR8488,120,1,2.4
JetFly4040,149,1,5.0
GlobeAir4394,59,1,2.5
JetFly7178,54,2,3.6
SkyWave7183,119,1,1.7
GlobeAir4732,136,2,2.1
SkyWave3375,52,0,3.3
GlobeAir6403,64,1,2.0
AirNSR7178,96,2,4.3
PacificWings3570,77,4,2.1
PacificWings2871,76,2,3.9
JetFly8343,108,3,3.1
JetFly8353,85,1,3.5
AirNSR9033,75,1,3.3
GlobeAir6831,91,3,1.4
AirNSR8088,101,4,1.4
AirNSR7683,108,4,4.1
JetFly8350,52,0,3.2
GlobeAir4570,66,1,2.6
PacificWings1877,131,2,3.4
AirNSR9185,133,2,4.6
AirNSR7373,107,2,3.1
AirNSR8703,112,1,2.7
JetFly1922,71,1,2.8
JetFly9452,115,1,2.5
PacificWings9981,148,1,3.6
PacificWings3525,108,1,2.7
AirNSR4018,59,3,3.5
SkyWave2741,90,1,3.8
GlobeAir4821,98,0,4.6
PacificWings5123,96,1,3.4
PacificWings4970,127,0,4.6
PacificWings1755,105,1,4.4
PacificWings8615,134,4,3.5
PacificWings3880,129,6,1.9
GlobeAir7561,97,2,1.8
GlobeAir4147,109,0,5.0
GlobeAir4708,139,3,1.7
SkyWave5429,124,2,1.0
GlobeAir5024,135,4,2.4
AirNSR9917,87,1,2.4
JetFly3544,95,0,1.0
AirNSR6040,113,0,3.4
GlobeAir2067,93,1,3.6
JetFly2688,122,0,3.0
AirNSR4154,93,3,2.2
JetFly6321,128,4,3.4
AirNSR1445,122,3,5.0
PacificWings3874,97,1,4.7
GlobeAir7937,97,2,2.3
SkyWave9802,53,3,4.2
PacificWings4143,93,2,1.5
SkyWave5594,91,2,2.2
PacificWings4077,133,2,5.0
PacificWings4769,80,2,3.0
GlobeAir8146,138,1,3.3
JetFly3879,130,5,5.0
SkyWave6402,99,1,1.7
PacificWings6691,67,1,2.4
JetFly8857,122,7,1.9
GlobeAir5642,140,4,1.9
GlobeAir6376,130,0,1.0
SkyWave1074,60,3,3.2
SkyWave5501,106,5,3.6
GlobeAir8372,64,1,3.3
GlobeAir1364,88,1,2.0
AirNSR1431,115,3,2.8
GlobeAir6873,96,1,3.9
AirNSR9893,86,3,1.0
JetFly3960,59,1,3.2
PacificWings8126,121,1,1.8
JetFly1272,78,3,2.6
GlobeAir6622,129,2,3.3
GlobeAir2181,94,1,1.0
JetFly1545,70,1,3.2
GlobeAir3825,138,3,3.7
PacificWings5710,90,2,4.1
GlobeAir4209,66,3,3.3
AirNSR2301,144,2,3.2
AirNSR4414,134,2,5.0
GlobeAir8531,96,1,3.3
GlobeAir6366,68,1,1.9
JetFly5981,57,1,4.5
PacificWings7185,108,4,1.2
SkyWave4642,135,3,1.7
GlobeAir4601,149,1,3.3
GlobeAir8012,117,2,5.0
GlobeAir9817,132,0,2.5
PacificWings9001,114,2,4.4
PacificWings5466,70,2,3.5
PacificWings6802,149,5,1.6
SkyWave8802,147,2,5.0
JetFly3462,59,1,1.8
PacificWings8293,100,0,3.4
SkyWave4407,133,2,3.1
PacificWings5550,90,1,2.4
SkyWave4967,62,1,1.0
GlobeAir6987,58,4,2.2
GlobeAir8042,128,6,3.5
PacificWings2289,130,3,3.2
JetFly7904,140,0,2.7
GlobeAir6150,73,3,1.3
PacificWings4523,61,0,5.0
GlobeAir8351,88,2,2.3
JetFly8562,97,1,5.0
PacificWings1259,112,0,3.3
PacificWings7142,87,0,1.6
SkyWave4793,140,2,2.3
AirNSR6169,87,1,4.9
SkyWave3548,90,1,3.2
PacificWings7365,69,0,4.6
SkyWave2479,57,3,4.3
GlobeAir5902,76,3,3.9
JetFly2689,55,2,2.0
SkyWave6854,135,2,2.4
GlobeAir5955,67,1,1.6
PacificWings4078,110,1,2.7
GlobeAir6214,130,1,4.7
PacificWings6974,99,1,2.9
PacificWings1948,147,1,3.1
GlobeAir6411,129,2,3.4
PacificWings3913,83,0,3.3
PacificWings2502,109,1,4.0
AirNSR5230,75,0,3.0
JetFly3572,53,2,2.9
AirNSR2664,115,1,4.6
JetFly2485,143,9,5.0
AirNSR6445,149,0,2.9
SkyWave1638,120,2,4.9
GlobeAir9729,68,2,3.5
JetFly9995,88,1,3.6
SkyWave6004,57,0,3.0
PacificWings2610,74,0,2.5
AirNSR7831,143,2,1.3
AirNSR7870,96,7,3.7
AirNSR1964,137,1,2.5
GlobeAir9774,80,3,3.7
AirNSR9179,72,3,3.0
GlobeAir3392,142,0,3.1
AirNSR1182,61,2,2.6
PacificWings8468,150,1,3.3
JetFly6564,71,2,1.5
PacificWings8587,144,1,2.3
SkyWave1732,86,3,2.5
PacificWings7544,86,3,1.0
SkyWave5295,51,1,5.0
JetFly8391,144,0,2.7
PacificWings9274,139,3,2.2
GlobeAir6394,72,3,1.4
GlobeAir9697,124,3,4.4
PacificWings4893,75,2,3.1
SkyWave1377,148,6,4.7
JetFly8896,105,3,2.8
PacificWings1252,79,2,1.0
PacificWings6286,87,2,2.4
PacificWings2999,132,1,3.2
SkyWave6040,150,3,1.0
GlobeAir8769,52,5,4.8
SkyWave7452,123,1,1.1
PacificWings7619,82,0,1.8
PacificWings3732,61,3,1.0
PacificWings1026,72,1,5.0
AirNSR8156,141,1,3.6
GlobeAir8945,61,0,3.7
JetFly6307,120,0,3.8
JetFly8781,54,3,4.7
AirNSR8824,96,5,1.0
PacificWings9004,141,3,3.5
JetFly9627,134,1,3.0
AirNSR9077,71,0,4.0
JetFly6214,95,5,2.7
PacificWings7607,111,3,4.1
AirNSR4384,123,2,2.2
GlobeAir4140,90,4,4.5
SkyWave5600,124,1,2.9
JetFly3742,122,0,1.7
JetFly8141,57,1,2.3
AirNSR4342,140,1,3.1
SkyWave8186,53,1,2.4
AirNSR6667,86,3,2.1
SkyWave3527,111,0,4.7
GlobeAir3257,127,1,5.0
JetFly2031,82,2,3.5
GlobeAir8281,61,1,1.0
JetFly6258,67,3,1.0
JetFly6243,133,3,2.3
JetFly4564,80,1,3.3
JetFly7478,69,0,1.0
GlobeAir6626,91,2,4.3
JetFly7067,88,2,4.7
PacificWings3706,102,4,5.0
PacificWings9871,51,0,1.0
PacificWings8796,61,3,2.8
PacificWings1601,120,1,4.6
JetFly4444,126,2,4.0
AirNSR6509,61,3,5.0
PacificWings1880,150,2,1.8
JetFly4448,64,1,4.9
AirNSR3016,76,0,4.3
PacificWings5306,88,0,1.0
SkyWave3833,144,4,3.4
AirNSR4657,143,1,3.6
PacificWings6387,79,2,5.0
SkyWave3368,83,5,3.5
JetFly8962,114,1,2.4
AirNSR7697,140,2,2.9
AirNSR4168,96,3,4.4
GlobeAir1030,110,2,1.7
GlobeAir2573,58,2,3.0
JetFly3039,75,4,3.1
PacificWings4551,77,4,4.1
AirNSR4128,126,2,3.4
PacificWings1511,148,2,3.9
PacificWings5418,137,1,4.8
SkyWave9667,129,5,3.7
AirNSR6982,105,5,2.6
GlobeAir8293,138,3,2.5
SkyWave7029,72,4,1.3
GlobeAir3098,109,2,5.0
JetFly2744,104,4,5.0
GlobeAir6077,119,4,2.8
GlobeAir7638,103,4,4.6
JetFly9522,61,3,1.0
SkyWave6967,73,3,2.1
PacificWings3852,113,4,2.6
PacificWings5332,80,6,5.0
GlobeAir8031,87,4,1.0
SkyWave2237,66,1,2.7
AirNSR9015,64,2,1.0
GlobeAir6217,148,2,1.4
SkyWave3963,64,1,5.0
PacificWings2598,69,3,2.3
SkyWave9375,53,2,1.7
AirNSR4545,148,2,4.8
JetFly9137,71,3,2.7
JetFly9556,129,1,1.6
AirNSR2823,61,3,5.0
AirNSR4204,139,2,3.4
GlobeAir1757,140,3,4.6
SkyWave8619,76,0,2.6
GlobeAir8909,114,1,3.3
JetFly9939,60,1,5.0
AirNSR9208,78,1,3.5
GlobeAir5872,55,6,2.8
AirNSR2365,61,2,3.1
GlobeAir5098,87,2,1.0
JetFly3141,125,1,1.2
AirNSR2132,89,1,4.0
PacificWings7410,121,2,3.3
SkyWave2097,54,3,5.0
SkyWave7578,70,4,3.8
PacificWings9356,129,4,1.7
PacificWings4799,117,0,5.0
SkyWave2354,127,2,1.3
AirNSR8864,56,2,2.6
JetFly3000,121,1,3.9
SkyWave9897,119,1,4.8
PacificWings8900,132,3,4.8
GlobeAir2637,117,2,1.8
AirNSR6659,141,3,2.2
AirNSR3122,58,1,2.0
JetFly9861,124,1,5.0
JetFly2889,98,1,1.0
AirNSR1153,136,0,2.2
GlobeAir4820,102,1,3.3
SkyWave5328,88,3,3.6
JetFly6575,96,2,2.1
AirNSR5972,70,3,1.0
GlobeAir1320,74,3,4.9
PacificWings6896,64,0,1.0
AirNSR2761,123,2,1.4
JetFly5750,63,4,2.1
GlobeAir3485,136,3,4.2
JetFly5396,123,3,5.0
GlobeAir9657,125,0,4.4
PacificWings3981,54,0,2.2
PacificWings8804,115,0,4.9
PacificWings7137,69,3,5.0
SkyWave7164,58,2,4.0
AirNSR2399,135,6,5.0
SkyWave7872,77,4,1.0
JetFly4304,74,4,3.0
SkyWave4764,91,0,4.8
GlobeAir5236,100,0,3.7
SkyWave6587,121,2,2.0
SkyWave9287,143,2,1.9
JetFly5158,139,2,5.0
SkyWave2747,76,4,3.5
JetFly6095,62,2,3.0
GlobeAir5959,106,1,3.6
PacificWings9684,69,1,3.0
SkyWave3765,79,3,2.4
AirNSR6341,147,5,3.6
SkyWave9846,105,3,5.0
GlobeAir4325,130,1,2.2
